"date","pressure_tag","label","stap_id","pressure_era5","altitude","lat","lon","pressure_era5_norm","stap_ref"
2021-10-01 08:52:45,1007.03769,"discard",2,1017.48328125,100.749865719535,31.5,-81.5,1009.86716954327,2
2021-10-01 09:22:45,1007.30326,"discard",2,1017.48328125,98.4775103821707,31.5,-81.5,1009.86716954327,2
2021-10-01 09:52:45,1007.77296,"discard",2,1017.8339453125,97.3846978984479,31.5,-81.5,1010.21783360577,2
2021-10-01 10:22:45,1007.90824,"discard",2,1017.8339453125,96.2284753720568,31.5,-81.5,1010.21783360577,2
2021-10-01 10:52:45,1008.16408,"discard",2,1018.59390625,100.352361008778,31.5,-81.5,1010.97779454327,2
2021-10-01 11:22:45,1011.02287,"",2,1018.59390625,75.9891073541458,31.5,-81.5,1010.97779454327,2
2021-10-01 11:52:45,1011.80839,"",2,1019.1412890625,73.9616862588998,31.5,-81.5,1011.52517735577,2
2021-10-01 12:22:45,1012.04991,"",2,1019.1412890625,71.906365751274,31.5,-81.5,1011.52517735577,2
2021-10-01 12:52:45,1012.2633,"",2,1019.4375390625,72.9556867897516,31.5,-81.5,1011.82142735577,2
2021-10-01 13:22:45,1012.48797,"",2,1019.4375390625,71.0331801511779,31.5,-81.5,1011.82142735577,2
2021-10-01 13:52:45,1012.57055,"",2,1019.7331640625,73.2621432442282,31.5,-81.5,1012.11705235577,2
2021-10-01 14:22:45,1012.69817,"",2,1019.7331640625,72.1628113074852,31.5,-81.5,1012.11705235577,2
2021-10-01 14:52:45,1012.6294,"",2,1019.74796875,73.2293013323605,31.5,-81.5,1012.13185704327,2
2021-10-01 15:22:45,1012.69625,"",2,1019.74796875,72.6501909139558,31.5,-81.5,1012.13185704327,2
2021-10-01 15:52:45,1012.45408,"",2,1019.8309375,75.6106520393115,31.5,-81.5,1012.21482579327,2
2021-10-01 16:22:45,1012.44277,"",2,1019.8309375,75.7088726976826,31.5,-81.5,1012.21482579327,2
2021-10-01 16:52:45,1012.2606,"",2,1019.6928515625,76.2030004045933,31.5,-81.5,1012.07673985577,2
2021-10-01 17:22:45,1012.26039,"",2,1019.6928515625,76.2048273572237,31.5,-81.5,1012.07673985577,2
2021-10-01 17:52:45,1011.78124,"",2,1019.327734375,77.2345666864238,31.5,-81.5,1011.71162266827,2
2021-10-01 18:22:45,1011.50159,"",2,1019.327734375,79.6693546851676,31.5,-81.5,1011.71162266827,2
2021-10-01 18:52:45,1010.96836,"",2,1018.8310546875,80.0755109931212,31.5,-81.5,1011.21494298077,2
2021-10-01 19:22:45,1010.96711,"",2,1018.8310546875,80.08640976155,31.5,-81.5,1011.21494298077,2
2021-10-01 19:52:45,1010.78904,"",2,1018.583984375,79.4609575571488,31.5,-81.5,1010.96787266827,2
2021-10-01 20:22:45,1010.68184,"",2,1018.583984375,80.3952965093806,31.5,-81.5,1010.96787266827,2
2021-10-01 20:52:45,1010.6252,"",2,1018.5007421875,79.9484033877029,31.5,-81.5,1010.88463048077,2
2021-10-01 21:22:45,1010.455,"",2,1018.5007421875,81.4273125115533,31.5,-81.5,1010.88463048077,2
2021-10-01 21:52:45,1010.60369,"",2,1018.6623828125,81.4535403538036,31.5,-81.5,1011.04627110577,2
2021-10-01 22:22:45,1010.58709,"",2,1018.6623828125,81.5976156365592,31.5,-81.5,1011.04627110577,2
2021-10-01 22:52:45,1010.55827,"",2,1018.8951953125,83.6198200627376,31.5,-81.5,1011.27908360577,2
2021-10-01 23:22:45,1010.68747,"",2,1018.8951953125,82.5021480403744,31.5,-81.5,1011.27908360577,2
2021-10-01 23:52:45,1010.91203,"",2,1019.417890625,84.83491552942,31.5,-81.5,1011.80177891827,2
2021-10-02 04:22:45,1000.56213,"",3,1015.7437109375,174.409003430783,30.1,-82.1,1007.78466839286,3
2021-10-02 04:52:45,1007.69576,"",3,1015.7437109375,113.052065661399,30.1,-82.1,1007.78466839286,3
2021-10-02 05:22:45,1005.0494,"",3,1015.7437109375,135.772466015924,30.1,-82.1,1007.78466839286,3
2021-10-02 05:52:45,1010.94835,"",3,1015.53515625,83.3842507987748,30.1,-82.1,1007.57611370536,3
2021-10-02 06:22:45,1011.65236,"",3,1015.53515625,77.3686396358057,30.1,-82.1,1007.57611370536,3
2021-10-02 06:52:45,1005.33149,"",3,1015.45203125,130.805368590481,30.1,-82.1,1007.49298870536,3
2021-10-02 07:22:45,1012.25272,"",3,1015.45203125,71.5373416710027,30.1,-82.1,1007.49298870536,3
2021-10-02 07:52:45,1022.67399,"discard",3,1015.3014453125,-18.3239858235052,30.1,-82.1,1007.34240276786,3
2021-10-02 08:22:45,1022.74059,"discard",3,1015.3014453125,-18.8875977617085,30.1,-82.1,1007.34240276786,3
2021-10-02 08:52:45,1022.60944,"discard",3,1015.2546875,-18.1177303373791,30.1,-82.1,1007.29564495536,3
2021-10-02 09:22:45,1022.57382,"discard",3,1015.2546875,-17.8165435242682,30.1,-82.1,1007.29564495536,3
2021-10-02 09:52:45,1022.62443,"discard",3,1015.5393359375,-15.7970682169282,30.1,-82.1,1007.58029339286,3
2021-10-02 10:22:45,1022.6066,"discard",3,1015.5393359375,-15.6463756757453,30.1,-82.1,1007.58029339286,3
2021-10-02 15:22:45,1022.65831,"",4,1017.28453125,-16.2580877421636,28.9,-81.7,1023.23230722222,4
2021-10-02 15:52:45,1023.21514,"",4,1017.28453125,-21.0610012100164,28.9,-81.7,1023.23230722222,4
2021-10-02 16:22:45,1022.92632,"",4,1017.28453125,-18.5700608494138,28.9,-81.7,1023.23230722222,4
2021-10-02 16:52:45,1023.01418,"",4,1016.8744140625,-22.9643144920911,28.9,-81.7,1022.82219003472,4
2021-10-02 17:22:45,1022.60499,"",4,1016.8744140625,-19.4290221468662,28.9,-81.7,1022.82219003472,4
2021-10-02 17:52:45,1022.24333,"",4,1016.027265625,-23.7353788534573,28.9,-81.7,1021.97504159722,4
2021-10-02 18:22:45,1021.85108,"",4,1016.027265625,-20.3396267842166,28.9,-81.7,1021.97504159722,4
2021-10-02 18:52:45,1021.6219,"",4,1015.522421875,-22.8653149452591,28.9,-81.7,1021.47019784722,4
2021-10-02 19:22:45,1021.27639,"",4,1015.522421875,-19.866115834229,28.9,-81.7,1021.47019784722,4
2021-10-02 19:52:45,1021.09116,"",4,1014.7976953125,-24.4333309525259,28.9,-81.7,1020.74547128472,4
2021-10-02 20:22:45,1021.00917,"",4,1014.7976953125,-23.7233031631288,28.9,-81.7,1020.74547128472,4
2021-10-02 20:52:45,1020.83796,"",4,1014.8582421875,-21.5652727255802,28.9,-81.7,1020.80601815972,4
2021-10-02 21:22:45,1020.60685,"",4,1014.8582421875,-19.5690734007684,28.9,-81.7,1020.80601815972,4
2021-10-02 21:52:45,1020.49983,"",4,1014.461953125,-21.9777019042712,28.9,-81.7,1020.40972909722,4
2021-10-02 22:22:45,1020.70442,"",4,1014.461953125,-23.7414104520343,28.9,-81.7,1020.40972909722,4
2021-10-02 22:52:45,1020.50643,"",4,1014.55390625,-21.0657779800349,28.9,-81.7,1020.50168222222,4
2021-10-02 23:22:45,1020.48846,"",4,1014.55390625,-20.9113700169688,28.9,-81.7,1020.50168222222,4
2021-10-02 23:52:45,1020.78686,"",4,1014.837421875,-20.8622956480156,28.9,-81.7,1020.78519784722,4
2021-10-03 09:52:45,1017.60048,"",5,1011.7950390625,-36.4987602188482,23.1,-82.5,1017.07079984914,5
2021-10-03 10:22:45,1017.5313,"",5,1011.7950390625,-35.9032452759742,23.1,-82.5,1017.07079984914,5
2021-10-03 10:52:45,1017.85807,"",5,1012.3096875,-34.2358792697616,23.1,-82.5,1017.58544828664,5
2021-10-03 11:22:45,1017.9927,"",5,1012.3096875,-35.3937368021382,23.1,-82.5,1017.58544828664,5
2021-10-03 11:52:45,1018.22877,"",5,1012.6358203125,-34.6177047250253,23.1,-82.5,1017.91158109914,5
2021-10-03 12:22:45,1018.3792,"",5,1012.6358203125,-35.9113541606971,23.1,-82.5,1017.91158109914,5
2021-10-03 12:52:45,1018.67124,"",5,1013.101953125,-34.5904968683835,23.1,-82.5,1018.37771391164,5
2021-10-03 13:22:45,1018.82741,"",5,1013.101953125,-35.9384644467874,23.1,-82.5,1018.37771391164,5
2021-10-03 13:52:45,1018.72705,"",5,1013.410390625,-32.5770030892239,23.1,-82.5,1018.68615141164,5
2021-10-03 14:22:45,1018.96533,"",5,1013.410390625,-34.6415287598473,23.1,-82.5,1018.68615141164,5
2021-10-03 14:52:45,1019.08693,"",5,1013.43734375,-35.5956049275791,23.1,-82.5,1018.71310453664,5
2021-10-03 15:22:45,1018.93702,"",5,1013.43734375,-34.293333783963,23.1,-82.5,1018.71310453664,5
2021-10-03 15:52:45,1018.59894,"",5,1013.297578125,-32.6453133328693,23.1,-82.5,1018.57333891164,5
2021-10-03 16:22:45,1018.37846,"",5,1013.297578125,-30.7263038290803,23.1,-82.5,1018.57333891164,5
2021-10-03 16:52:45,1018.02292,"",5,1012.6617578125,-33.2327529377319,23.1,-82.5,1017.93751859914,5
2021-10-03 17:22:45,1017.67004,"",5,1012.6617578125,-30.1569492759125,23.1,-82.5,1017.93751859914,5
2021-10-03 17:52:45,1017.07368,"",5,1011.730625,-33.1000105978331,23.1,-82.5,1017.00638578664,5
2021-10-03 18:22:45,1016.42429,"",5,1011.730625,-27.4359602397939,23.1,-82.5,1017.00638578664,5
2021-10-03 18:52:45,1016.26793,"",5,1011.346875,-29.485353396229,23.1,-82.5,1016.62263578664,5
2021-10-03 19:22:45,1016.17762,"",5,1011.346875,-28.6963668369542,23.1,-82.5,1016.62263578664,5
2021-10-03 19:52:45,1016.04115,"",5,1010.811171875,-32.0566950612528,23.1,-82.5,1016.08693266164,5
2021-10-03 20:22:45,1015.83879,"",5,1010.811171875,-30.2940585324493,23.1,-82.5,1016.08693266164,5
2021-10-03 20:52:45,1015.50078,"",5,1011.0484375,-25.0809863154215,23.1,-82.5,1016.32419828664,5
2021-10-03 21:22:45,1015.62578,"",5,1011.0484375,-26.1646972134374,23.1,-82.5,1016.32419828664,5
2021-10-03 21:52:45,1015.69407,"",5,1010.72921875,-29.5317105321803,23.1,-82.5,1016.00497953664,5
2021-10-03 22:22:45,1015.7856,"",5,1010.72921875,-30.3250823472385,23.1,-82.5,1016.00497953664,5
2021-10-03 22:52:45,1015.99475,"",5,1010.80734375,-31.4383732812043,23.1,-82.5,1016.08310453664,5
2021-10-03 23:22:45,1016.1183,"",5,1010.80734375,-32.5085569915754,23.1,-82.5,1016.08310453664,5
2021-10-03 23:52:45,1016.42608,"",5,1011.2011328125,-31.7041692321528,23.1,-82.5,1016.47689359914,5
2021-10-04 01:52:45,1015.34634,"",6,1013.4323828125,-13.5506975012398,22.7,-82.3,1015.46884019531,6
2021-10-04 02:22:45,1016.16609,"",6,1013.4323828125,-20.6401895160044,22.7,-82.3,1015.46884019531,6
2021-10-04 02:52:45,1016.3456,"",6,1013.5130859375,-21.4806602814018,22.7,-82.3,1015.54954332031,6
2021-10-04 03:22:45,1015.66619,"",6,1013.5130859375,-15.608961335018,22.7,-82.3,1015.54954332031,6
2021-10-04 03:52:45,1015.85921,"",6,1013.2552734375,-19.4977166591724,22.7,-82.3,1015.29173082031,6
2021-10-04 04:22:45,1015.61069,"",6,1013.2552734375,-17.3506466141297,22.7,-82.3,1015.29173082031,6
2021-10-04 04:52:45,1015.34329,"",6,1012.877578125,-18.2901268018958,22.7,-82.3,1014.91403550781,6
2021-10-04 05:22:45,1014.98285,"",6,1012.877578125,-15.1776170785899,22.7,-82.3,1014.91403550781,6
2021-10-04 05:52:45,1006.3831,"discard",6,1012.6123828125,57.019110515653,22.7,-82.3,1014.64884019531,6
2021-10-04 06:22:45,1013.93585,"",6,1012.6123828125,-8.4179955964221,22.7,-82.3,1014.64884019531,6
2021-10-04 06:52:45,1013.90681,"",6,1012.04015625,-13.1269193432008,22.7,-82.3,1014.07661363281,6
2021-10-04 07:22:45,1013.80329,"",6,1012.04015625,-12.2320845287963,22.7,-82.3,1014.07661363281,6
2021-10-04 07:52:45,1013.54306,"",6,1011.4875,-14.7571851158609,22.7,-82.3,1013.52395738281,6
2021-10-04 08:22:45,1013.23029,"",6,1011.4875,-12.0541348575935,22.7,-82.3,1013.52395738281,6
2021-10-04 08:52:45,1013.41874,"",6,1011.57109375,-12.9524321529718,22.7,-82.3,1013.60755113281,6
2021-10-04 09:22:45,1012.99758,"",6,1011.57109375,-9.3136981537838,22.7,-82.3,1013.60755113281,6
2021-10-04 09:52:45,1013.17361,"",6,1011.7796484375,-9.02496581440901,22.7,-82.3,1013.81610582031,6
2021-10-04 11:22:45,1012.62741,"",7,1012.981015625,-6.03371505591791,22.625,-82.925,1013.0110086942,7
2021-10-04 11:52:45,1013.03001,"",7,1012.981015625,-9.51330826761736,22.625,-82.925,1013.0110086942,7
2021-10-04 12:22:45,1013.21473,"",7,1012.981015625,-11.1094324373376,22.625,-82.925,1013.0110086942,7
2021-10-04 12:52:45,1013.56242,"",7,1013.2425,-11.8603448213989,22.625,-82.925,1013.2724930692,7
2021-10-04 13:22:45,1013.98565,"",7,1013.2425,-15.5243207947618,22.625,-82.925,1013.2724930692,7
2021-10-04 13:52:45,1014.04079,"",7,1013.933046875,-10.02520574432,22.625,-82.925,1013.9630399442,7
2021-10-04 14:22:45,1014.31883,"",7,1013.933046875,-12.4384176753853,22.625,-82.925,1013.9630399442,7
2021-10-04 14:52:45,1014.28556,"",7,1014.1302734375,-10.4408076958618,22.625,-82.925,1014.1602665067,7
2021-10-04 15:22:45,1014.05008,"",7,1014.1302734375,-8.39222487306512,22.625,-82.925,1014.1602665067,7
2021-10-04 15:52:45,1013.95152,"",7,1014.0284375,-8.41945650325501,22.625,-82.925,1014.0584305692,7
2021-10-04 16:22:45,1013.78826,"",7,1014.0284375,-6.99624001682374,22.625,-82.925,1014.0584305692,7
2021-10-04 16:52:45,1013.62572,"",7,1013.529921875,-9.92658618300186,22.625,-82.925,1013.5599149442,7
2021-10-04 17:22:45,1013.25165,"",7,1013.529921875,-6.65922811335937,22.625,-82.925,1013.5599149442,7
2021-10-04 17:52:45,1012.75182,"",7,1012.9288671875,-7.54094523458243,22.625,-82.925,1012.9588602567,7
2021-10-04 18:22:45,1012.31537,"",7,1012.9288671875,-3.72153650308768,22.625,-82.925,1012.9588602567,7
2021-10-04 18:52:45,1012.11508,"",7,1012.2348046875,-8.04194955155129,22.625,-82.925,1012.2647977567,7
2021-10-04 19:22:45,1011.84197,"",7,1012.2348046875,-5.65099739712611,22.625,-82.925,1012.2647977567,7
2021-10-04 19:52:45,1011.51503,"",7,1011.610078125,-8.2574762289888,22.625,-82.925,1011.6400711942,7
2021-10-04 20:22:45,1011.63125,"",7,1011.610078125,-9.2753365354669,22.625,-82.925,1011.6400711942,7
2021-10-04 20:52:45,1011.59076,"",7,1011.356953125,-11.1379583686219,22.625,-82.925,1011.3869461942,7
2021-10-04 21:22:45,1011.71195,"",7,1011.356953125,-12.1993753666913,22.625,-82.925,1011.3869461942,7
2021-10-04 21:52:45,1011.38448,"",7,1011.3984765625,-8.96738057864255,22.625,-82.925,1011.4284696317,7
2021-10-04 22:22:45,1011.5457,"",7,1011.3984765625,-10.3787648429673,22.625,-82.925,1011.4284696317,7
2021-10-04 22:52:45,1011.5778,"",7,1011.6162109375,-8.75426461367295,22.625,-82.925,1011.6462040067,7
2021-10-04 23:22:45,1011.84444,"",7,1011.6162109375,-11.0840903557415,22.625,-82.925,1011.6462040067,7
2021-10-04 23:52:45,1012.04226,"",7,1012.1788671875,-7.89984565145673,22.625,-82.925,1012.2088602567,7
2021-10-05 00:22:45,1012.53133,"",7,1012.1788671875,-12.1598504647462,22.625,-82.925,1012.2088602567,7
2021-10-05 00:52:45,1012.9436,"",7,1012.9157421875,-9.33210787830446,22.625,-82.925,1012.9457352567,7
2022-04-06 10:52:45,1007.43396,"discard",9,1009.6760546875,22.0938106355212,28.9,-82.7,1009.48762580529,9
2022-04-06 11:22:45,1009.51149,"",9,1009.6760546875,4.22739808871296,28.9,-82.7,1009.48762580529,9
2022-04-06 11:52:45,1009.88196,"",9,1010.2436328125,5.92121034073401,28.9,-82.7,1010.05520393029,9
2022-04-06 12:22:45,1010.3736,"",9,1010.2436328125,1.6968850986223,28.9,-82.7,1010.05520393029,9
2022-04-06 12:52:45,1010.79532,"",9,1011.116328125,5.57544826511693,28.9,-82.7,1010.92789924279,9
2022-04-06 13:22:45,1011.09715,"",9,1011.116328125,2.97843387412063,28.9,-82.7,1010.92789924279,9
2022-04-06 13:52:45,1011.471,"",9,1011.4469140625,2.60581806975814,28.9,-82.7,1011.25848518029,9
2022-04-06 14:22:45,1011.60864,"",9,1011.4469140625,1.41941944909961,28.9,-82.7,1011.25848518029,9
2022-04-06 14:52:45,1011.65874,"",9,1011.555,1.91819173593125,28.9,-82.7,1011.36657111779,9
2022-04-06 15:22:45,1011.55983,"",9,1011.555,2.77175876198677,28.9,-82.7,1011.36657111779,9
2022-04-06 15:52:45,1011.89385,"",9,1011.4095703125,-1.37721130308514,28.9,-82.7,1011.22114143029,9
2022-04-06 16:22:45,1011.61395,"",9,1011.4095703125,1.04467005413175,28.9,-82.7,1011.22114143029,9
2022-04-06 16:52:45,1011.29721,"",9,1011.071953125,0.86198062298505,28.9,-82.7,1010.88352424279,9
2022-04-06 17:22:45,1011.14666,"",9,1011.071953125,2.16619714786828,28.9,-82.7,1010.88352424279,9
2022-04-06 17:52:45,1011.08969,"",9,1010.7125,-0.455437931060875,28.9,-82.7,1010.52407111779,9
2022-04-06 18:22:45,1010.83702,"",9,1010.7125,1.7341925676521,28.9,-82.7,1010.52407111779,9
2022-04-06 18:52:45,1010.46278,"",9,1011.0609375,7.98985305978114,28.9,-82.7,1010.87250861779,9
2022-04-06 19:22:45,1010.21828,"",9,1011.0609375,10.1064524647264,28.9,-82.7,1010.87250861779,9
2022-04-06 19:52:45,1009.88517,"",9,1010.505625,8.18867690750924,28.9,-82.7,1010.31719611779,9
2022-04-06 20:22:45,1009.64233,"",9,1010.505625,10.2932192195809,28.9,-82.7,1010.31719611779,9
2022-04-06 20:52:45,1009.22907,"",9,1009.871796875,8.37634697107591,28.9,-82.7,1009.68336799279,9
2022-04-06 21:22:45,1009.19367,"",9,1009.871796875,8.6828230286099,28.9,-82.7,1009.68336799279,9
2022-04-06 21:52:45,1008.73097,"",9,1009.1976171875,6.85462015698105,28.9,-82.7,1009.00918830529,9
2022-04-06 22:22:45,1008.68906,"",9,1009.1976171875,7.21763603827981,28.9,-82.7,1009.00918830529,9
2022-04-06 22:52:45,1008.43152,"",9,1009.1675,9.18274051428514,28.9,-82.7,1008.97907111779,9
2022-04-06 23:22:45,1009.2559,"",9,1009.1675,2.04866624102242,28.9,-82.7,1008.97907111779,9
2022-04-06 23:52:45,1009.4072,"",9,1009.48640625,3.49751588886364,28.9,-82.7,1009.29797736779,9
2022-04-07 00:22:45,1006.58698,"discard",9,1009.48640625,27.8830398566387,28.9,-82.7,1009.29797736779,9
2022-04-07 05:22:45,1004.31238,"",10,1005.0390234375,27.2166363153506,31.3,-81.9,1004.4418961462,10
2022-04-07 05:52:45,1004.53973,"",10,1005.0390234375,25.2605934604006,31.3,-81.9,1004.4418961462,10
2022-04-07 06:22:45,1003.5665,"",10,1005.0390234375,33.6364554768618,31.3,-81.9,1004.4418961462,10
2022-04-07 06:52:45,1002.98157,"",10,1003.9231640625,29.0701786039293,31.3,-81.9,1003.3260367712,10
2022-04-07 07:22:45,1002.86177,"",10,1003.9231640625,30.1017109210412,31.3,-81.9,1003.3260367712,10
2022-04-07 07:52:45,1002.64216,"",10,1003.3690234375,27.2200089075678,31.3,-81.9,1002.7718961462,10
2022-04-07 08:22:45,1002.46953,"",10,1003.3690234375,28.7058515033244,31.3,-81.9,1002.7718961462,10
2022-04-07 08:52:45,1001.87911,"",10,1003.5675,35.4829792101259,31.3,-81.9,1002.9703727087,10
2022-04-07 09:22:45,1002.13376,"",10,1003.5675,33.2922149659771,31.3,-81.9,1002.9703727087,10
2022-04-07 09:52:45,1002.27394,"",10,1003.584609375,32.2230948744053,31.3,-81.9,1002.9874820837,10
2022-04-07 10:22:45,1002.29842,"",10,1003.584609375,32.0127333523518,31.3,-81.9,1002.9874820837,10
2022-04-07 10:52:45,1002.3369,"",10,1003.966484375,34.9572582365691,31.3,-81.9,1003.3693570837,10
2022-04-07 11:22:45,1002.87605,"",10,1003.966484375,30.3262282764892,31.3,-81.9,1003.3693570837,10
2022-04-07 11:52:45,1002.99601,"",10,1004.499296875,33.8707234205954,31.3,-81.9,1003.9021695837,10
2022-04-07 12:22:45,1003.26288,"",10,1004.499296875,31.5786956657136,31.3,-81.9,1003.9021695837,10
2022-04-07 12:52:45,1003.18541,"",10,1004.7033984375,34.0118610965792,31.3,-81.9,1004.1062711462,10
2022-04-07 13:22:45,1003.25735,"",10,1004.7033984375,33.3932399925706,31.3,-81.9,1004.1062711462,10
2022-04-07 13:52:45,1003.50053,"",10,1004.6669140625,31.0207068790603,31.3,-81.9,1004.0697867712,10
2022-04-07 14:22:45,1003.7455,"",10,1004.6669140625,28.9082014217907,31.3,-81.9,1004.0697867712,10
2022-04-07 14:52:45,1003.61419,"",10,1004.708984375,30.4312726083883,31.3,-81.9,1004.1118570837,10
2022-04-07 15:22:45,1004.00788,"",10,1004.708984375,27.0266169930856,31.3,-81.9,1004.1118570837,10
2022-04-07 15:52:45,1004.32839,"",10,1004.8512109375,25.4813217417032,31.3,-81.9,1004.2540836462,10
2022-04-07 16:22:45,1004.08132,"",10,1004.8512109375,27.6157474167871,31.3,-81.9,1004.2540836462,10
2022-04-07 16:52:45,1003.96834,"",10,1004.9596484375,29.5209002394882,31.3,-81.9,1004.3625211462,10
2022-04-07 17:22:45,1003.81318,"",10,1004.9596484375,30.8605202777757,31.3,-81.9,1004.3625211462,10
2022-04-07 17:52:45,1003.5024,"",10,1004.6988671875,31.32099477333,31.3,-81.9,1004.1017398962,10
2022-04-07 18:22:45,1003.33679,"",10,1004.6988671875,32.7550638678433,31.3,-81.9,1004.1017398962,10
2022-04-07 18:52:45,1003.62918,"",10,1003.2225390625,17.4169163302265,31.3,-81.9,1002.6254117712,10
2022-04-07 19:22:45,1003.21952,"",10,1003.2225390625,20.992453468118,31.3,-81.9,1002.6254117712,10
2022-04-07 19:52:45,1003.0536,"",10,1002.9839453125,20.35810052983,31.3,-81.9,1002.3868180212,10
2022-04-07 20:22:45,1002.96161,"",10,1002.9839453125,21.1610650876502,31.3,-81.9,1002.3868180212,10
2022-04-07 20:52:45,1002.40836,"",10,1002.8423828125,24.7486400139983,31.3,-81.9,1002.2452555212,10
2022-04-07 21:22:45,1002.44297,"",10,1002.8423828125,24.4469626090608,31.3,-81.9,1002.2452555212,10
2022-04-07 21:52:45,1002.98257,"",10,1003.5462109375,25.8601137537962,31.3,-81.9,1002.9490836462,10
2022-04-07 22:22:45,1003.32205,"",10,1003.5462109375,22.9121899134964,31.3,-81.9,1002.9490836462,10
2022-04-07 22:52:45,1003.80722,"",10,1004.4,26.081751864326,31.3,-81.9,1003.8028727087,10
2022-04-07 23:22:45,1003.92819,"",10,1004.4,25.0375899188763,31.3,-81.9,1003.8028727087,10
2022-04-07 23:52:45,1004.42013,"",10,1005.5272265625,30.450601890584,31.3,-81.9,1004.9300992712,10
2022-04-08 00:22:45,1004.88142,"",10,1005.5272265625,26.4976992945225,31.3,-81.9,1004.9300992712,10
2022-04-08 00:52:45,1005.47273,"",10,1006.39078125,28.7823514432224,31.3,-81.9,1005.7936539587,10
2022-04-08 01:22:45,1005.92211,"",10,1006.39078125,24.9556257843734,31.3,-81.9,1005.7936539587,10
2022-04-08 01:52:45,1006.37124,"",10,1007.1823828125,27.8360189179372,31.3,-81.9,1006.5852555212,10
2022-04-08 02:22:45,1006.64752,"",10,1007.1823828125,25.4955804154627,31.3,-81.9,1006.5852555212,10
2022-04-08 02:52:45,1006.80292,"",10,1007.6469140625,28.0859277202003,31.3,-81.9,1007.0497867712,10
2022-04-08 03:22:45,1006.90221,"",10,1007.6469140625,27.2480788275883,31.3,-81.9,1007.0497867712,10
2022-04-08 03:52:45,1006.9206,"",10,1007.581796875,26.5274187682583,31.3,-81.9,1006.9846695837,10
2022-04-08 04:22:45,1006.77359,"",10,1007.581796875,27.7643201878036,31.3,-81.9,1006.9846695837,10
2022-04-08 04:52:45,1006.96274,"",10,1007.7194140625,27.3144619534714,31.3,-81.9,1007.1222867712,10
2022-04-08 05:22:45,1007.02828,"",10,1007.7194140625,26.7644400173408,31.3,-81.9,1007.1222867712,10
2022-04-08 05:52:45,1007.20905,"",10,1008.1634375,28.9578270014715,31.3,-81.9,1007.5663102087,10
2022-04-08 06:22:45,1007.33405,"",10,1008.1634375,27.9107690619894,31.3,-81.9,1007.5663102087,10
2022-04-08 06:52:45,1007.43198,"",10,1007.749609375,23.6221394967736,31.3,-81.9,1007.1524820837,10
2022-04-08 07:22:45,1007.45703,"",10,1007.749609375,23.4126448697925,31.3,-81.9,1007.1524820837,10
2022-04-08 07:52:45,1007.58352,"",10,1008.1001171875,25.2777779649503,31.3,-81.9,1007.5029898962,10
2022-04-08 08:22:45,1007.94154,"",10,1008.1001171875,22.2894423334515,31.3,-81.9,1007.5029898962,10
2022-04-08 08:52:45,1008.23156,"",10,1008.683125,24.723599993868,31.3,-81.9,1008.0859977087,10
2022-04-08 09:22:45,1008.58755,"",10,1008.683125,21.7612706534818,31.3,-81.9,1008.0859977087,10
2022-04-08 09:52:45,1008.96653,"",10,1009.1190234375,22.2307294210602,31.3,-81.9,1008.5218961462,10
2022-04-08 10:22:45,1009.46149,"",10,1009.1190234375,18.1265810788373,31.3,-81.9,1008.5218961462,10
2022-04-08 10:52:45,1009.32241,"",10,1009.9487890625,26.1442455880524,31.3,-81.9,1009.3516617712,10
2022-04-08 11:22:45,1010.0673,"",10,1009.9487890625,19.9866855826255,31.3,-81.9,1009.3516617712,10
2022-04-08 11:52:45,1010.53089,"",10,1010.8289453125,23.4268364695365,31.3,-81.9,1010.2318180212,10
2022-04-08 12:22:45,1010.90935,"",10,1010.8289453125,20.3023799387753,31.3,-81.9,1010.2318180212,10
2022-04-08 12:52:45,1010.87171,"",10,1011.473359375,25.9601876977617,31.3,-81.9,1010.8762320837,10
2022-04-08 13:22:45,1011.15445,"",10,1011.473359375,23.6129583679809,31.3,-81.9,1010.8762320837,10
2022-04-08 13:52:45,1011.24843,"",10,1011.727421875,24.9660274394926,31.3,-81.9,1011.1302945837,10
2022-04-08 14:22:45,1011.17197,"",10,1011.727421875,25.6046657660284,31.3,-81.9,1011.1302945837,10
2022-04-08 14:52:45,1011.04599,"",10,1011.3528515625,23.5418308611907,31.3,-81.9,1010.7557242712,10
2022-04-08 15:22:45,1011.01668,"",10,1011.3528515625,23.7878860364758,31.3,-81.9,1010.7557242712,10
2022-04-08 15:52:45,1011.20697,"",10,1011.225859375,21.12530334588,31.3,-81.9,1010.6287320837,10
2022-04-08 16:22:45,1010.70196,"",10,1011.225859375,25.3825572790415,31.3,-81.9,1010.6287320837,10
2022-04-08 16:52:45,1010.20755,"",10,1010.496015625,23.407817655403,31.3,-81.9,1009.8988883337,10
2022-04-08 17:22:45,1009.82008,"",10,1010.496015625,26.688448508214,31.3,-81.9,1009.8988883337,10
2022-04-08 17:52:45,1009.48238,"",10,1009.674453125,22.5974110267656,31.3,-81.9,1009.0773258337,10
2022-04-08 18:22:45,1009.12399,"",10,1009.674453125,25.6419554527356,31.3,-81.9,1009.0773258337,10
2022-04-08 18:52:45,1008.5469,"",10,1008.7456640625,22.6590341899373,31.3,-81.9,1008.1485367712,10
2022-04-08 19:22:45,1008.28871,"",10,1008.7456640625,24.8585225097377,31.3,-81.9,1008.1485367712,10
2022-04-08 19:52:45,1007.96559,"",10,1008.2853125,23.6917925712958,31.3,-81.9,1007.6881852087,10
2022-04-08 20:22:45,1007.74821,"",10,1008.2853125,25.5453974760939,31.3,-81.9,1007.6881852087,10
2022-04-08 20:52:45,1007.36808,"",10,1007.951953125,25.9418982864897,31.3,-81.9,1007.3548258337,10
2022-04-08 21:22:45,1007.35126,"",10,1007.951953125,26.0852738772896,31.3,-81.9,1007.3548258337,10
2022-04-08 21:52:45,1007.04029,"",10,1007.757578125,27.073864616977,31.3,-81.9,1007.1604508337,10
2022-04-08 22:22:45,1007.2818,"",10,1007.757578125,25.0169943048502,31.3,-81.9,1007.1604508337,10
2022-04-08 22:52:45,1006.847,"",10,1007.5829296875,27.2122442409274,31.3,-81.9,1006.9858023962,10
2022-04-08 23:22:45,1007.01644,"",10,1007.5829296875,25.77380798314,31.3,-81.9,1006.9858023962,10
2022-04-08 23:52:45,1006.97965,"",10,1007.991171875,29.5126068817121,31.3,-81.9,1007.3940445837,10
2022-04-09 00:22:45,1007.2599,"",10,1007.991171875,27.1440343695889,31.3,-81.9,1007.3940445837,10
2022-04-09 00:52:45,1007.8009,"",10,1008.594453125,27.6450052885326,31.3,-81.9,1007.9973258337,10
2022-04-09 01:22:45,1008.14201,"",10,1008.594453125,24.7735455934862,31.3,-81.9,1007.9973258337,10
2022-04-09 01:52:45,1008.51936,"",10,1009.3670703125,28.0699158184338,31.3,-81.9,1008.7699430212,10
2022-04-09 02:22:45,1008.93291,"",10,1009.3670703125,24.6037606985376,31.3,-81.9,1008.7699430212,10
2022-04-09 02:52:45,1009.19676,"",10,1009.95796875,27.3295867064542,31.3,-81.9,1009.3608414587,10
2022-04-09 03:22:45,1009.19029,"",10,1009.95796875,27.3836907169964,31.3,-81.9,1009.3608414587,10
2022-04-09 03:52:45,1009.27719,"",10,1010.1781640625,28.4850482821209,31.3,-81.9,1009.5810367712,10
2022-04-09 04:22:45,1009.74106,"",10,1010.1781640625,24.6132093166759,31.3,-81.9,1009.5810367712,10
2022-04-09 04:52:45,1010.42987,"",10,1011.2498828125,27.7904980362632,31.3,-81.9,1010.6527555212,10
2022-04-09 05:22:45,1010.87621,"",10,1011.2498828125,24.0753630071069,31.3,-81.9,1010.6527555212,10
2022-04-09 05:52:45,1011.45947,"",10,1012.0161328125,25.5810654845774,31.3,-81.9,1011.4190055212,10
2022-04-09 06:22:45,1011.60459,"",10,1012.0161328125,24.3777620027617,31.3,-81.9,1011.4190055212,10
2022-04-09 06:52:45,1011.66901,"",10,1012.461796875,27.4986190440682,31.3,-81.9,1011.8646695837,10
2022-04-09 07:22:45,1011.77125,"",10,1012.461796875,26.6559342737451,31.3,-81.9,1011.8646695837,10
2022-04-09 07:52:45,1011.5755,"",10,1012.2121484375,26.2009964373672,31.3,-81.9,1011.6150211462,10
2022-04-09 08:22:45,1011.71412,"",10,1012.2121484375,25.0609541272417,31.3,-81.9,1011.6150211462,10
2022-04-09 08:52:45,1011.7962,"",10,1012.43328125,26.1875286784998,31.3,-81.9,1011.8361539587,10
2022-04-09 09:22:45,1011.97113,"",10,1012.43328125,24.7535614429722,31.3,-81.9,1011.8361539587,10
2022-04-09 09:52:45,1012.08459,"",10,1012.77140625,26.5792305611693,31.3,-81.9,1012.1742789587,10
2022-04-09 10:22:45,1012.33667,"",10,1012.77140625,24.5187022714553,31.3,-81.9,1012.1742789587,10
2022-04-09 10:52:45,1010.9631,"",10,1013.511796875,41.7499951645367,31.3,-81.9,1012.9146695837,10
2022-04-09 11:22:45,1012.96174,"",10,1013.511796875,25.4480713980075,31.3,-81.9,1012.9146695837,10
2022-04-09 11:52:45,1013.31173,"",10,1014.211015625,28.2902793980582,31.3,-81.9,1013.6138883337,10
2022-04-09 12:22:45,1013.55094,"",10,1014.211015625,26.3415334587337,31.3,-81.9,1013.6138883337,10
2022-04-09 12:52:45,1013.70204,"",10,1014.4647265625,27.2087244944287,31.3,-81.9,1013.8675992712,10
2022-04-09 13:22:45,1013.56435,"",10,1014.4647265625,28.3361289641587,31.3,-81.9,1013.8675992712,10
2022-04-09 13:52:45,1013.43049,"",10,1014.1308203125,26.7260441215118,31.3,-81.9,1013.5336930212,10
2022-04-09 14:22:45,1013.34073,"",10,1014.1308203125,27.4645183530393,31.3,-81.9,1013.5336930212,10
2022-04-09 14:52:45,1013.14517,"",10,1013.6730859375,25.3291923612379,31.3,-81.9,1013.0759586462,10
2022-04-09 15:22:45,1013.04296,"",10,1013.6730859375,26.1741452650193,31.3,-81.9,1013.0759586462,10
2022-04-09 15:52:45,1012.84547,"",10,1013.211484375,24.0087276134451,31.3,-81.9,1012.6143570837,10
2022-04-09 16:22:45,1012.35377,"",10,1013.211484375,28.097566315721,31.3,-81.9,1012.6143570837,10
2022-04-09 16:52:45,1012.04558,"",10,1012.7416796875,26.7708337601207,31.3,-81.9,1012.1445523962,10
2022-04-09 17:22:45,1012.1105,"",10,1012.7416796875,26.2293329494869,31.3,-81.9,1012.1445523962,10
2022-04-09 17:52:45,1012.4603,"",10,1012.328359375,19.8662458869797,31.3,-81.9,1011.7312320837,10
2022-04-09 18:22:45,1012.97657,"",10,1012.328359375,15.5637514212077,31.3,-81.9,1011.7312320837,10
2022-04-09 18:52:45,1012.75297,"",10,1012.7793359375,21.1848836556365,31.3,-81.9,1012.1822086462,10
2022-04-09 19:22:45,1012.75686,"",10,1012.7793359375,21.1526040686883,31.3,-81.9,1012.1822086462,10
2022-04-09 19:52:45,1012.3438,"",10,1012.7973828125,24.73434169423,31.3,-81.9,1012.2002555212,10
2022-04-09 20:22:45,1012.03569,"",10,1012.7973828125,27.2948159137792,31.3,-81.9,1012.2002555212,10
2022-04-09 20:52:45,1011.97455,"",10,1012.3023046875,23.6940648333934,31.3,-81.9,1011.7051773962,10
2022-04-09 21:22:45,1011.84913,"",10,1012.3023046875,24.7381492433932,31.3,-81.9,1011.7051773962,10
2022-04-09 21:52:45,1012.14022,"",10,1012.5358203125,24.2623798821799,31.3,-81.9,1011.9386930212,10
2022-04-09 22:22:45,1012.47731,"",10,1012.5358203125,21.4535614200283,31.3,-81.9,1011.9386930212,10
2022-04-09 22:52:45,1012.44045,"",10,1012.420234375,20.7976920995327,31.3,-81.9,1011.8231070837,10
2022-04-09 23:22:45,1012.7349,"",10,1012.420234375,18.3450817553454,31.3,-81.9,1011.8231070837,10
2022-04-09 23:52:45,1012.90856,"",10,1013.118984375,22.7108035151516,31.3,-81.9,1012.5218570837,10
2022-04-10 00:22:45,1013.28642,"",10,1013.118984375,19.5780386167151,31.3,-81.9,1012.5218570837,10
2022-04-10 00:52:45,1013.91061,"",10,1014.41234375,25.1007765333585,31.3,-81.9,1013.8152164587,10
2022-04-10 01:22:45,1014.43593,"",10,1014.41234375,20.7717702199111,31.3,-81.9,1013.8152164587,10
2022-04-10 01:52:45,1015.04302,"",10,1015.4953515625,24.6730151074829,31.3,-81.9,1014.8982242712,10
2022-04-10 02:22:45,1015.29572,"",10,1015.4953515625,22.6019405806394,31.3,-81.9,1014.8982242712,10
2022-04-10 02:52:45,1015.69601,"",10,1016.2388671875,25.3956219475011,31.3,-81.9,1015.6417398962,10
2022-04-10 03:22:45,1015.7142,"",10,1016.2388671875,25.2471669195945,31.3,-81.9,1015.6417398962,10
2022-04-10 03:52:45,1015.88471,"",10,1016.59671875,26.7544281025873,31.3,-81.9,1015.9995914587,10
2022-04-10 04:22:45,1016.0416,"",10,1016.59671875,25.4786967545529,31.3,-81.9,1015.9995914587,10
2022-04-10 04:52:45,1016.19972,"",10,1016.954140625,27.0817269703629,31.3,-81.9,1016.3570133337,10
2022-04-10 05:22:45,1016.18438,"",10,1016.954140625,27.2061171361138,31.3,-81.9,1016.3570133337,10
2022-04-10 05:52:45,1016.10589,"",10,1017.2029296875,29.8425441698867,31.3,-81.9,1016.6058023962,10
2022-04-10 06:22:45,1015.90305,"",10,1017.2029296875,31.4846275900897,31.3,-81.9,1016.6058023962,10
2022-04-10 06:52:45,1015.81601,"",10,1016.7739453125,28.6963509236713,31.3,-81.9,1016.1768180212,10
2022-04-10 07:22:45,1015.76694,"",10,1016.7739453125,29.0924900964481,31.3,-81.9,1016.1768180212,10
2022-04-10 07:52:45,1015.94633,"",10,1016.648671875,26.6280362017872,31.3,-81.9,1016.0515445837,10
2022-04-10 08:22:45,1016.00326,"",10,1016.648671875,26.1689762882263,31.3,-81.9,1016.0515445837,10
2022-04-10 08:52:45,1015.98397,"",10,1016.872265625,28.1176879359914,31.3,-81.9,1016.2751383337,10
2022-04-10 09:22:45,1016.08103,"",10,1016.872265625,27.3360201476916,31.3,-81.9,1016.2751383337,10
2022-04-10 09:52:45,1016.27363,"",10,1017.124140625,27.8031039746001,31.3,-81.9,1016.5270133337,10
2022-04-10 10:22:45,1016.66828,"",10,1017.124140625,24.6300524910503,31.3,-81.9,1016.5270133337,10
2022-04-10 10:52:45,1017.20451,"",10,1017.7871875,25.6421721984091,31.3,-81.9,1017.1900602087,10
2022-04-10 11:22:45,1017.54668,"",10,1017.7871875,22.8959442693567,31.3,-81.9,1017.1900602087,10
2022-04-10 11:52:45,1017.83187,"",10,1018.722109375,28.1189121282696,31.3,-81.9,1018.1249820837,10
2022-04-10 12:22:45,1018.25578,"",10,1018.722109375,24.7122874810532,31.3,-81.9,1018.1249820837,10
2022-04-10 12:52:45,1018.43931,"",10,1019.3543359375,28.426282476708,31.3,-81.9,1018.7572086462,10
2022-04-10 13:22:45,1018.72051,"",10,1019.3543359375,26.1330883434507,31.3,-81.9,1018.7572086462,10
2022-04-10 13:52:45,1018.83408,"",10,1019.3217578125,24.9949806073611,31.3,-81.9,1018.7246305212,10
2022-04-10 14:22:45,1019.16752,"",10,1019.3217578125,22.2401439064451,31.3,-81.9,1018.7246305212,10
2022-04-10 14:52:45,1019.22367,"",10,1019.6358984375,24.4060021451551,31.3,-81.9,1019.0387711462,10
2022-04-10 15:22:45,1019.1105,"",10,1019.6358984375,25.3505636965863,31.3,-81.9,1019.0387711462,10
2022-04-10 15:52:45,1018.9566,"",10,1019.296015625,23.8166087149012,31.3,-81.9,1018.6988883337,10
2022-04-10 16:22:45,1018.72693,"",10,1019.296015625,25.7458796678871,31.3,-81.9,1018.6988883337,10
2022-04-10 16:52:45,1018.17121,"",10,1018.6737890625,25.210124366292,31.3,-81.9,1018.0766617712,10
2022-04-10 17:22:45,1018.08161,"",10,1018.6737890625,25.9669291707021,31.3,-81.9,1018.0766617712,10
2022-04-10 17:52:45,1017.70302,"",10,1017.9916796875,23.4153669692242,31.3,-81.9,1017.3945523962,10
2022-04-10 18:22:45,1017.27558,"",10,1017.9916796875,27.0432153683136,31.3,-81.9,1017.3945523962,10
2022-04-10 18:52:45,1016.82279,"",10,1017.156640625,23.8120582124004,31.3,-81.9,1016.5595133337,10
2022-04-10 19:22:45,1016.43364,"",10,1017.156640625,27.1303807926741,31.3,-81.9,1016.5595133337,10
2022-04-10 19:52:45,1016.06748,"",10,1016.6443359375,25.8964255023978,31.3,-81.9,1016.0472086462,10
2022-04-10 20:22:45,1015.78981,"",10,1016.6443359375,28.2704498570601,31.3,-81.9,1016.0472086462,10
2022-04-10 20:52:45,1015.42561,"",10,1015.9976171875,25.8607543065022,31.3,-81.9,1015.4004898962,10
2022-04-10 21:22:45,1015.53553,"",10,1015.9976171875,24.9199974815026,31.3,-81.9,1015.4004898962,10
2022-04-10 21:52:45,1015.62284,"",10,1015.981953125,24.0352337251562,31.3,-81.9,1015.3848258337,10
2022-04-10 22:22:45,1015.6478,"",10,1015.981953125,23.8218864223151,31.3,-81.9,1015.3848258337,10
2022-04-10 22:52:45,1015.63804,"",10,1016.293671875,26.5363671901568,31.3,-81.9,1015.6965445837,10
2022-04-10 23:22:45,1015.69746,"",10,1016.293671875,26.0314130752004,31.3,-81.9,1015.6965445837,10
2022-04-10 23:52:45,1015.76922,"",10,1016.5416796875,27.4740475301239,31.3,-81.9,1015.9445523962,10
2022-04-11 00:22:45,1015.9158,"",10,1016.5416796875,26.2388075704343,31.3,-81.9,1015.9445523962,10
2022-04-11 00:52:45,1016.10666,"",10,1016.975,28.2216236666972,31.3,-81.9,1016.3778727087,10
2022-04-11 01:22:45,1016.48027,"",10,1016.975,25.0992627572356,31.3,-81.9,1016.3778727087,10
2022-04-11 01:52:45,1016.77934,"",10,1017.5919921875,27.7134608950623,31.3,-81.9,1016.9948648962,10
2022-04-11 02:22:45,1016.76405,"",10,1017.5919921875,27.840453940741,31.3,-81.9,1016.9948648962,10
2022-04-11 02:52:45,1016.85288,"",10,1018.0660546875,30.9972576279414,31.3,-81.9,1017.4689273962,10
2022-04-11 03:22:45,1016.97131,"",10,1018.0660546875,30.0175901142917,31.3,-81.9,1017.4689273962,10
2022-04-11 03:52:45,1017.18035,"",10,1018.034609375,28.0044295621904,31.3,-81.9,1017.4374820837,10
2022-04-11 04:22:45,1017.28691,"",10,1018.034609375,27.1262095202358,31.3,-81.9,1017.4374820837,10
2022-04-11 04:52:45,1017.29495,"",10,1018.1180078125,27.727176062829,31.3,-81.9,1017.5208805212,10
2022-04-11 05:22:45,1017.25854,"",10,1018.1180078125,28.0263713558333,31.3,-81.9,1017.5208805212,10
2022-04-11 05:52:45,1017.07542,"",10,1017.9529296875,28.1582198985079,31.3,-81.9,1017.3558023962,10
2022-04-11 06:22:45,1016.79621,"",10,1017.9529296875,30.4476952903989,31.3,-81.9,1017.3558023962,10
2022-04-11 06:52:45,1016.54671,"",10,1017.66609375,30.1274303186414,31.3,-81.9,1017.0689664587,10
2022-04-11 07:22:45,1016.62106,"",10,1017.66609375,29.5186771165365,31.3,-81.9,1017.0689664587,10
2022-04-11 07:52:45,1016.81904,"",10,1017.4193359375,25.8674777063697,31.3,-81.9,1016.8222086462,10
2022-04-11 08:22:45,1016.95363,"",10,1017.4193359375,24.7683549653341,31.3,-81.9,1016.8222086462,10
2022-04-11 08:52:45,1017.06773,"",10,1018.1505078125,29.7857948474005,31.3,-81.9,1017.5533805212,10
2022-04-11 09:22:45,1017.42864,"",10,1018.1505078125,26.8451815072052,31.3,-81.9,1017.5533805212,10
2022-04-11 09:52:45,1017.6491,"",10,1018.073125,24.4114126251996,31.3,-81.9,1017.4759977087,10
2022-04-11 10:22:45,1018.09906,"",10,1018.073125,20.7554076363598,31.3,-81.9,1017.4759977087,10
2022-04-11 10:52:45,1018.42812,"",10,1019.114140625,26.5230371079666,31.3,-81.9,1018.5170133337,10
2022-04-11 11:22:45,1018.89477,"",10,1019.114140625,22.7427259620137,31.3,-81.9,1018.5170133337,10
2022-04-11 11:52:45,1019.10976,"",10,1019.5460546875,24.5113594104841,31.3,-81.9,1018.9489273962,10
2022-04-11 12:22:45,1019.30665,"",10,1019.5460546875,22.9113106366496,31.3,-81.9,1018.9489273962,10
2022-04-11 12:52:45,1019.13766,"",10,1019.9883203125,27.9806053096673,31.3,-81.9,1019.3911930212,10
2022-04-11 13:22:45,1019.10556,"",10,1019.9883203125,28.245393280152,31.3,-81.9,1019.3911930212,10
2022-04-11 13:52:45,1019.15016,"",10,1019.731953125,25.8328715949545,31.3,-81.9,1019.1348258337,10
2022-04-11 14:22:45,1019.33303,"",10,1019.731953125,24.3028985635445,31.3,-81.9,1019.1348258337,10
2022-04-11 14:52:45,1020.00502,"",10,1020.0312890625,21.1880625500241,31.3,-81.9,1019.4341617712,10
2022-04-11 15:22:45,1020.20864,"",10,1020.0312890625,19.4676691650334,31.3,-81.9,1019.4341617712,10
2022-04-11 15:52:45,1020.03137,"",10,1020.123125,21.7468050373347,31.3,-81.9,1019.5259977087,10
2022-04-11 16:22:45,1019.93796,"",10,1020.123125,22.5416516355438,31.3,-81.9,1019.5259977087,10
2022-04-11 16:52:45,1019.44432,"",10,1019.7940234375,23.9590473877879,31.3,-81.9,1019.1968961462,10
2022-04-11 17:22:45,1019.10379,"",10,1019.7940234375,26.8742840354125,31.3,-81.9,1019.1968961462,10
2022-04-11 17:52:45,1018.9545,"",10,1019.073359375,21.9880257666295,31.3,-81.9,1018.4762320837,10
2022-04-11 18:22:45,1018.9017,"",10,1019.073359375,22.4420197027417,31.3,-81.9,1018.4762320837,10
2022-04-11 18:52:45,1018.67656,"",10,1018.6196484375,20.4755045258138,31.3,-81.9,1018.0225211462,10
2022-04-11 19:22:45,1018.22329,"",10,1018.6196484375,24.3834381614911,31.3,-81.9,1018.0225211462,10
2022-04-11 19:52:45,1017.71751,"",10,1017.9973828125,23.3827661177556,31.3,-81.9,1017.4002555212,10
2022-04-11 20:22:45,1017.48425,"",10,1017.9973828125,25.3973489075017,31.3,-81.9,1017.4002555212,10
2022-04-11 20:52:45,1017.23252,"",10,1017.3448046875,21.9352997260503,31.3,-81.9,1016.7476773962,10
2022-04-11 21:22:45,1017.03594,"",10,1017.3448046875,23.6323163745871,31.3,-81.9,1016.7476773962,10
2022-04-11 21:52:45,1017.18331,"",10,1017.5009765625,23.6989687463348,31.3,-81.9,1016.9038492712,10
2022-04-11 22:22:45,1017.18773,"",10,1017.5009765625,23.6609389581783,31.3,-81.9,1016.9038492712,10
2022-04-11 22:52:45,1017.04105,"",10,1017.6532421875,26.1953875509279,31.3,-81.9,1017.0561148962,10
2022-04-11 23:22:45,1017.39609,"",10,1017.6532421875,23.1623584018586,31.3,-81.9,1017.0561148962,10
2022-04-11 23:52:45,1016.95062,"",10,1018.1478125,31.0977424480584,31.3,-81.9,1017.5506852087,10
2022-04-12 00:22:45,1017.34677,"",10,1018.1478125,27.7441212763986,31.3,-81.9,1017.5506852087,10
2022-04-12 00:52:45,1017.56005,"",10,1018.7630078125,31.0814643876689,31.3,-81.9,1018.1658805212,10
2022-04-12 01:22:45,1018.13746,"",10,1018.7630078125,26.2249630310581,31.3,-81.9,1018.1658805212,10
2022-04-12 01:52:45,1018.33643,"",10,1019.2796484375,28.8639572218848,31.3,-81.9,1018.6825211462,10
2022-04-12 02:22:45,1018.7797,"",10,1019.2796484375,25.1515834872634,31.3,-81.9,1018.6825211462,10
2022-04-12 02:52:45,1019.08241,"",10,1019.5759375,25.0876613831915,31.3,-81.9,1018.9788102087,10
2022-04-12 03:22:45,1018.84888,"",10,1019.5759375,27.0384880204253,31.3,-81.9,1018.9788102087,10
2022-04-12 03:52:45,1019.20486,"",10,1019.265703125,21.4735610673427,31.3,-81.9,1018.6685758337,10
2022-04-12 04:22:45,1018.85048,"",10,1019.265703125,24.429757397536,31.3,-81.9,1018.6685758337,10
2022-04-12 04:52:45,1018.65992,"",10,1019.088359375,24.5379611220624,31.3,-81.9,1018.4912320837,10
2022-04-12 05:22:45,1018.22009,"",10,1019.088359375,28.2060519570396,31.3,-81.9,1018.4912320837,10
2022-04-12 05:52:45,1017.92377,"",10,1018.708984375,27.5088481659046,31.3,-81.9,1018.1118570837,10
2022-04-12 06:22:45,1016.79633,"",10,1018.708984375,36.9103216274949,31.3,-81.9,1018.1118570837,10
2022-04-12 06:52:45,1017.39929,"",10,1018.11296875,26.9196981538649,31.3,-81.9,1017.5158414587,10
2022-04-12 07:22:45,1017.25814,"",10,1018.11296875,28.0975900681376,31.3,-81.9,1017.5158414587,10
2022-04-12 07:52:45,1017.43007,"",10,1017.9734765625,25.4975617121278,31.3,-81.9,1017.3763492712,10
2022-04-12 08:22:45,1016.80162,"",10,1017.9734765625,30.7406458731817,31.3,-81.9,1017.3763492712,10
2022-04-12 08:52:45,1015.89397,"",10,1017.8415234375,37.2036225051482,31.3,-81.9,1017.2443961462,10
2022-04-12 09:22:45,1016.93621,"",10,1017.8415234375,28.5109230171457,31.3,-81.9,1017.2443961462,10
2022-04-12 09:52:45,1017.1725,"",10,1017.7875390625,26.0790525825319,31.3,-81.9,1017.1904117712,10
2022-04-12 10:22:45,1017.57251,"",10,1017.7875390625,22.7533976126284,31.3,-81.9,1017.1904117712,10
2022-04-12 10:52:45,1017.86935,"",10,1018.8525390625,29.1164987350906,31.3,-81.9,1018.2554117712,10
2022-04-12 11:22:45,1018.61135,"",10,1018.8525390625,22.9649080030416,31.3,-81.9,1018.2554117712,10
2022-04-12 11:52:45,1019.02916,"",10,1019.6900390625,26.4426457995189,31.3,-81.9,1019.0929117712,10
2022-04-12 12:22:45,1019.74592,"",10,1019.6900390625,20.5031583780038,31.3,-81.9,1019.0929117712,10
2022-04-12 12:52:45,1019.83855,"",10,1020.305078125,24.868976566936,31.3,-81.9,1019.7079508337,10
2022-04-12 13:22:45,1019.83267,"",10,1020.305078125,24.9181766576205,31.3,-81.9,1019.7079508337,10
2022-04-12 13:52:45,1019.96079,"",10,1020.3230859375,24.0215734601639,31.3,-81.9,1019.7259586462,10
2022-04-12 14:22:45,1020.06679,"",10,1020.3230859375,23.1275162849182,31.3,-81.9,1019.7259586462,10
2022-04-12 14:52:45,1020.21333,"",10,1020.4577734375,23.0448796953708,31.3,-81.9,1019.8606461462,10
2022-04-12 15:22:45,1020.10194,"",10,1020.4577734375,23.9922895711151,31.3,-81.9,1019.8606461462,10
2022-04-12 15:52:45,1020.22315,"",10,1020.4808984375,23.1726635893441,31.3,-81.9,1019.8837711462,10
2022-04-12 16:22:45,1019.96611,"",10,1020.4808984375,25.3736132999107,31.3,-81.9,1019.8837711462,10
2022-04-12 16:52:45,1019.78694,"",10,1020.048046875,23.2140125782423,31.3,-81.9,1019.4509195837,10
2022-04-12 17:22:45,1019.52614,"",10,1020.048046875,25.4597499086588,31.3,-81.9,1019.4509195837,10
2022-04-12 17:52:45,1019.23115,"",10,1019.1054296875,19.8788846272209,31.3,-81.9,1018.5083023962,10
2022-04-12 18:22:45,1019.07717,"",10,1019.1054296875,21.2104998718875,31.3,-81.9,1018.5083023962,10
2022-04-12 18:52:45,1018.61265,"",10,1018.6155078125,20.9908707329663,31.3,-81.9,1018.0183805212,10
2022-04-12 19:22:45,1018.11235,"",10,1018.6155078125,25.3284488554435,31.3,-81.9,1018.0183805212,10
2022-04-12 19:52:45,1017.79843,"",10,1018.1148046875,23.711625877357,31.3,-81.9,1017.5176773962,10
2022-04-12 20:22:45,1017.49879,"",10,1018.1148046875,26.3125653445853,31.3,-81.9,1017.5176773962,10
2022-04-12 20:52:45,1017.2155,"",10,1017.3275,21.9375993895647,31.3,-81.9,1016.7303727087,10
2022-04-12 21:22:45,1016.85154,"",10,1017.3275,25.0952282235377,31.3,-81.9,1016.7303727087,10
2022-04-12 21:52:45,1016.71987,"",10,1017.1330859375,24.5392851433426,31.3,-81.9,1016.5359586462,10
2022-04-12 22:22:45,1016.49926,"",10,1017.1330859375,26.4474391713825,31.3,-81.9,1016.5359586462,10
2022-04-12 22:52:45,1016.65469,"",10,1017.105546875,24.8410045702421,31.3,-81.9,1016.5084195837,10
2022-04-12 23:22:45,1016.56389,"",10,1017.105546875,25.6215568366758,31.3,-81.9,1016.5084195837,10
2022-04-12 23:52:45,1016.74032,"",10,1017.5771484375,28.1008237683026,31.3,-81.9,1016.9800211462,10
2022-04-13 00:22:45,1016.84492,"",10,1017.5771484375,27.2087534562292,31.3,-81.9,1016.9800211462,10
2022-04-13 00:52:45,1017.22864,"",10,1018.0663671875,28.0642705677815,31.3,-81.9,1017.4692398962,10
2022-04-13 01:22:45,1017.3272,"",10,1018.0663671875,27.2289131694576,31.3,-81.9,1017.4692398962,10
2022-04-13 01:52:45,1017.54858,"",10,1018.4557421875,28.6210166475198,31.3,-81.9,1017.8586148962,10
2022-04-13 02:22:45,1017.54409,"",10,1018.4557421875,28.6589184116964,31.3,-81.9,1017.8586148962,10
2022-04-13 05:22:45,1011.85739,"",11,1008.2928515625,64.1838691162474,32.7,-82.5,1011.80468534333,11
2022-04-13 05:52:45,1011.80989,"",11,1008.2928515625,64.5844486605004,32.7,-82.5,1011.80468534333,11
2022-04-13 06:22:45,1011.83633,"",11,1008.2928515625,64.3614715573221,32.7,-82.5,1011.80468534333,11
2022-04-13 06:52:45,1011.60229,"",11,1008.751640625,70.2470157416173,32.7,-82.5,1012.26347440583,11
2022-04-13 07:22:45,1011.38567,"",11,1008.751640625,72.0718737252344,32.7,-82.5,1012.26347440583,11
2022-04-13 07:52:45,1011.05559,"",11,1008.258984375,70.7320033318654,32.7,-82.5,1011.77081815583,11
2022-04-13 08:22:45,1010.73149,"",11,1008.258984375,73.459089327873,32.7,-82.5,1011.77081815583,11
2022-04-13 08:52:45,1010.24518,"",11,1007.7337109375,73.1558651481358,32.7,-82.5,1011.24554471833,11
2022-04-13 09:22:45,1010.53971,"",11,1007.7337109375,70.6805297617114,32.7,-82.5,1011.24554471833,11
2022-04-13 09:52:45,1010.51075,"",11,1007.745625,71.0436182978348,32.7,-82.5,1011.25745878083,11
2022-04-13 10:22:45,1010.28378,"",11,1007.745625,72.9495587063958,32.7,-82.5,1011.25745878083,11
2022-04-13 10:52:45,1011.47773,"",11,1008.0355859375,65.3936882248863,32.7,-82.5,1011.54741971833,11
2022-04-13 11:22:45,1012.28487,"",11,1008.0355859375,58.6301105928327,32.7,-82.5,1011.54741971833,11
2022-04-13 11:52:45,1011.44261,"",11,1009.1163671875,74.7297011451113,32.7,-82.5,1012.62820096833,11
2022-04-13 12:22:45,1012.17123,"",11,1009.1163671875,68.6115286865134,32.7,-82.5,1012.62820096833,11
2022-04-13 12:52:45,1012.36329,"",11,1009.2345703125,67.8371323274792,32.7,-82.5,1012.74640409333,11
2022-04-13 13:22:45,1012.18208,"",11,1009.2345703125,69.3672508396558,32.7,-82.5,1012.74640409333,11
2022-04-13 13:52:45,1012.56328,"",11,1008.4487890625,59.285234425741,32.7,-82.5,1011.96062284333,11
2022-04-13 14:22:45,1013.97169,"",11,1008.4487890625,47.3304471637431,32.7,-82.5,1011.96062284333,11
2022-04-13 14:52:45,1014.68606,"",11,1008.1928515625,38.9895961727632,32.7,-82.5,1011.70468534333,11
2022-04-13 15:22:45,1015.08177,"",11,1008.1928515625,35.6289318182741,32.7,-82.5,1011.70468534333,11
2022-04-13 15:52:45,1013.73149,"",11,1008.9972265625,53.7968141814175,32.7,-82.5,1012.50906034333,11
2022-04-13 16:22:45,1014.12061,"",11,1008.9972265625,50.4756537870189,32.7,-82.5,1012.50906034333,11
2022-04-13 16:52:45,1013.62245,"",11,1008.96140625,54.1685095503137,32.7,-82.5,1012.47324003083,11
2022-04-13 17:22:45,1013.10839,"",11,1008.96140625,58.5857749121041,32.7,-82.5,1012.47324003083,11
2022-04-13 17:52:45,1012.21576,"",11,1007.7053125,55.2625011341638,32.7,-82.5,1011.21714628083,11
2022-04-13 18:22:45,1011.54596,"",11,1007.7053125,61.0487007627529,32.7,-82.5,1011.21714628083,11
2022-04-13 18:52:45,1010.99244,"",11,1007.25609375,61.9622345704055,32.7,-82.5,1010.76792753083,11
2022-04-13 19:22:45,1010.18369,"",11,1007.25609375,68.9508538797559,32.7,-82.5,1010.76792753083,11
2022-04-13 19:52:45,1009.62503,"",11,1005.8161328125,61.2067738199129,32.7,-82.5,1009.32796659333,11
2022-04-13 20:22:45,1009.05994,"",11,1005.8161328125,66.1081706751954,32.7,-82.5,1009.32796659333,11
2022-04-13 20:52:45,1008.79212,"",11,1004.76109375,59.1641585580385,32.7,-82.5,1008.27292753083,11
2022-04-13 21:22:45,1008.60433,"",11,1004.76109375,60.7978667139592,32.7,-82.5,1008.27292753083,11
2022-04-13 21:52:45,1008.04969,"",11,1004.429765625,62.696686867622,32.7,-82.5,1007.94159940583,11
2022-04-13 22:22:45,1008.92261,"",11,1004.429765625,55.0926672629356,32.7,-82.5,1007.94159940583,11
2022-04-13 22:52:45,1008.94915,"",11,1003.83828125,49.8380144127305,32.7,-82.5,1007.35011503083,11
2022-04-13 23:22:45,1008.76106,"",11,1003.83828125,51.470586340931,32.7,-82.5,1007.35011503083,11
2022-04-13 23:52:45,1008.14019,"",11,1003.8278515625,57.0137621091736,32.7,-82.5,1007.33968534333,11
2022-04-14 00:22:45,1006.63402,"",11,1003.8278515625,70.0174568906409,32.7,-82.5,1007.33968534333,11
2022-04-14 00:52:45,1006.34392,"",11,1004.092578125,74.9014486317427,32.7,-82.5,1007.60441190583,11
2022-04-14 01:22:45,1006.40827,"",11,1004.092578125,74.3478710600564,32.7,-82.5,1007.60441190583,11
2022-04-14 01:52:45,1006.78954,"",11,1005.0926953125,79.7371079697669,32.7,-82.5,1008.60452909333,11
2022-04-14 02:22:45,1007.10946,"",11,1005.0926953125,76.9961382527489,32.7,-82.5,1008.60452909333,11
2022-04-14 02:52:45,1006.52175,"",11,1005.87953125,88.7960236112577,32.7,-82.5,1009.39136503083,11
2022-04-14 03:22:45,1007.41884,"",11,1005.87953125,81.1307559177965,32.7,-82.5,1009.39136503083,11
2022-04-14 03:52:45,1007.675,"",11,1006.0149609375,80.1135485170647,32.7,-82.5,1009.52679471833,11
2022-04-14 04:22:45,1008.56602,"",11,1006.0149609375,72.5138387547964,32.7,-82.5,1009.52679471833,11
2022-04-14 04:52:45,1008.43278,"",11,1005.9155859375,72.8475337622843,32.7,-82.5,1009.42741971833,11
2022-04-14 05:22:45,1008.741,"",11,1005.9155859375,70.2253485227246,32.7,-82.5,1009.42741971833,11
2022-04-14 05:52:45,1008.23208,"",11,1005.521640625,71.2453143722768,32.7,-82.5,1009.03347440583,11
2022-04-14 06:22:45,1008.1516,"",11,1005.521640625,71.9287566254482,32.7,-82.5,1009.03347440583,11
2022-04-14 06:52:45,1008.0615,"",11,1005.53078125,72.8193609458937,32.7,-82.5,1009.04261503083,11
2022-04-14 07:22:45,1007.80864,"",11,1005.53078125,74.9623558531646,32.7,-82.5,1009.04261503083,11
2022-04-14 07:52:45,1007.65835,"",11,1004.9478515625,71.2974799841199,32.7,-82.5,1008.45968534333,11
2022-04-14 08:22:45,1007.50437,"",11,1004.9478515625,72.6021386922026,32.7,-82.5,1008.45968534333,11
2022-04-14 08:52:45,1007.23615,"",11,1004.5016796875,71.1307220186638,32.7,-82.5,1008.01351346833,11
2022-04-14 09:22:45,1006.49782,"",11,1004.5016796875,77.3780684816426,32.7,-82.5,1008.01351346833,11
2022-04-14 09:52:45,1006.16771,"",11,1003.7033203125,73.4068459637697,32.7,-82.5,1007.21515409333,11
2022-04-14 10:22:45,1005.66824,"",11,1003.7033203125,77.6353646566231,32.7,-82.5,1007.21515409333,11
2022-04-14 10:52:45,1005.90846,"",11,1003.5777734375,74.5210620232185,32.7,-82.5,1007.08960721833,11
2022-04-14 11:22:45,1006.72282,"",11,1003.5777734375,67.6234601166243,32.7,-82.5,1007.08960721833,11
2022-04-14 11:52:45,1006.56176,"",11,1004.5862109375,77.5214810062591,32.7,-82.5,1008.09804471833,11
2022-04-14 12:22:45,1005.80709,"",11,1004.5862109375,83.922817659938,32.7,-82.5,1008.09804471833,11
2022-04-14 12:52:45,1008.02897,"",11,1005.54734375,73.1526531534153,32.7,-82.5,1009.05917753083,11
2022-04-14 13:22:45,1006.8659,"",11,1005.54734375,83.052450716611,32.7,-82.5,1009.05917753083,11
2022-04-14 13:52:45,1007.72011,"",11,1005.8076953125,77.9271603688014,32.7,-82.5,1009.31952909333,11
2022-04-14 14:22:45,1007.66846,"",11,1005.8076953125,78.3686700368021,32.7,-82.5,1009.31952909333,11
2022-04-14 14:52:45,1007.8939,"",11,1005.7668359375,76.0096169719223,32.7,-82.5,1009.27866971833,11
2022-04-14 15:22:45,1008.22379,"",11,1005.7668359375,73.177757259613,32.7,-82.5,1009.27866971833,11
2022-04-14 15:52:45,1008.22604,"",11,1006.1820703125,76.6753172487802,32.7,-82.5,1009.69390409333,11
2022-04-14 16:22:45,1008.40269,"",11,1006.1820703125,75.1545929368297,32.7,-82.5,1009.69390409333,11
2022-04-14 16:52:45,1008.24594,"",11,1006.02109375,75.0711368345672,32.7,-82.5,1009.53292753083,11
2022-04-14 17:22:45,1007.97006,"",11,1006.02109375,77.4520198334224,32.7,-82.5,1009.53292753083,11
2022-04-14 17:52:45,1007.88407,"",11,1005.412734375,72.9120354703319,32.7,-82.5,1008.92456815583,11
2022-04-14 18:22:45,1008.05541,"",11,1005.412734375,71.4316686747839,32.7,-82.5,1008.92456815583,11
2022-04-14 18:52:45,1007.4537,"",11,1004.7717578125,71.1000915272335,32.7,-82.5,1008.28359159333,11
2022-04-14 19:22:45,1007.77465,"",11,1004.7717578125,68.3286564624394,32.7,-82.5,1008.28359159333,11
2022-04-14 19:52:45,1007.50841,"",11,1003.9699609375,63.6368542020106,32.7,-82.5,1007.48179471833,11
2022-04-14 20:22:45,1007.326,"",11,1003.9699609375,65.2147580013383,32.7,-82.5,1007.48179471833,11
2022-04-14 20:52:45,1007.04782,"",11,1004.1012109375,68.7934628923451,32.7,-82.5,1007.61304471833,11
2022-04-14 21:22:45,1007.12034,"",11,1004.1012109375,68.1667967331845,32.7,-82.5,1007.61304471833,11
2022-04-14 21:52:45,1007.19661,"",11,1004.0478515625,67.1005461547783,32.7,-82.5,1007.55968534333,11
2022-04-14 22:22:45,1007.07443,"",11,1004.0478515625,68.1541636882344,32.7,-82.5,1007.55968534333,11
2022-04-14 22:52:45,1006.99723,"",11,1004.2744921875,70.8327414437697,32.7,-82.5,1007.78632596833,11
2022-04-14 23:22:45,1006.88422,"",11,1004.2744921875,71.8052088639998,32.7,-82.5,1007.78632596833,11
2022-04-14 23:52:45,1007.01803,"",11,1004.619921875,73.680351465201,32.7,-82.5,1008.13175565583,11
2022-04-15 00:22:45,1007.20347,"",11,1004.619921875,72.0885503214567,32.7,-82.5,1008.13175565583,11
2022-04-15 00:52:45,1007.63473,"",11,1005.0948828125,72.5238493918115,32.7,-82.5,1008.60671659333,11
2022-04-15 01:22:45,1008.11098,"",11,1005.0948828125,68.4479748165964,32.7,-82.5,1008.60671659333,11
2022-04-15 01:52:45,1008.44294,"",11,1005.9466015625,72.9645268147828,32.7,-82.5,1009.45843534333,11
2022-04-15 02:22:45,1009.01506,"",11,1005.9466015625,68.0838037384322,32.7,-82.5,1009.45843534333,11
2022-04-15 02:52:45,1009.54132,"",11,1006.7465625,70.5135861654547,32.7,-82.5,1010.25839628083,11
2022-04-15 03:22:45,1009.82265,"",11,1006.7465625,68.1234332422587,32.7,-82.5,1010.25839628083,11
2022-04-15 03:52:45,1009.94705,"",11,1006.9946875,69.2416218543028,32.7,-82.5,1010.50652128083,11
2022-04-15 04:22:45,1010.26819,"",11,1006.9946875,66.5209234776777,32.7,-82.5,1010.50652128083,11
2022-04-15 04:52:45,1010.42817,"",11,1007.4236328125,68.8826374601365,32.7,-82.5,1010.93546659333,11
2022-04-15 05:22:45,1010.76263,"",11,1007.4236328125,66.0584608046512,32.7,-82.5,1010.93546659333,11
2022-04-15 05:52:45,1010.99281,"",11,1007.793359375,67.3286865793962,32.7,-82.5,1011.30519315583,11
2022-04-15 06:22:45,1011.07691,"",11,1007.793359375,66.6210012145877,32.7,-82.5,1011.30519315583,11
2022-04-15 06:52:45,1010.8234,"",11,1007.902265625,69.816727299345,32.7,-82.5,1011.41409940583,11
2022-04-15 07:22:45,1010.746,"",11,1007.902265625,70.4643641349864,32.7,-82.5,1011.41409940583,11
2022-04-15 07:52:45,1010.94241,"",11,1007.6269140625,66.6046169637189,32.7,-82.5,1011.13874784333,11
2022-04-15 08:22:45,1011.10424,"",11,1007.6269140625,65.2553211532891,32.7,-82.5,1011.13874784333,11
2022-04-15 08:52:45,1011.26758,"",11,1008.0801171875,67.7532709392499,32.7,-82.5,1011.59195096833,11
2022-04-15 09:22:45,1011.54241,"",11,1008.0801171875,65.4686545899058,32.7,-82.5,1011.59195096833,11
2022-04-15 09:52:45,1011.78766,"",11,1008.32734375,65.5373584005549,32.7,-82.5,1011.83917753083,11
2022-04-15 10:22:45,1012.12651,"",11,1008.32734375,62.7263518447084,32.7,-82.5,1011.83917753083,11
2022-04-15 10:52:45,1013.35245,"",11,1009.1240625,59.2169534953888,32.7,-82.5,1012.63589628083,11
2022-04-15 11:22:45,1013.70551,"",11,1009.1240625,56.2940605915252,32.7,-82.5,1012.63589628083,11
2022-04-15 11:52:45,1014.14066,"",11,1010.0897265625,60.6112116009431,32.7,-82.5,1013.60156034333,11
2022-04-15 12:22:45,1014.631,"",11,1010.0897265625,56.5423729844507,32.7,-82.5,1013.60156034333,11
2022-04-15 12:52:45,1015.09064,"",11,1010.8973046875,59.1384611635634,32.7,-82.5,1014.40913846833,11
2022-04-15 13:22:45,1015.31407,"",11,1010.8973046875,57.2689765157872,32.7,-82.5,1014.40913846833,11
2022-04-15 13:52:45,1015.39919,"",11,1011.1278515625,58.2145261671371,32.7,-82.5,1014.63968534333,11
2022-04-15 14:22:45,1015.4085,"",11,1011.1278515625,58.1360354786945,32.7,-82.5,1014.63968534333,11
2022-04-15 14:52:45,1015.72249,"",11,1011.119921875,55.1791848548472,32.7,-82.5,1014.63175565583,11
2022-04-15 15:22:45,1015.50643,"",11,1011.119921875,57.011819965713,32.7,-82.5,1014.63175565583,11
2022-04-15 15:52:45,1015.87077,"",11,1011.1994921875,54.3786601456179,32.7,-82.5,1014.71132596833,11
2022-04-15 16:22:45,1015.30323,"",11,1011.1994921875,59.2194005333393,32.7,-82.5,1014.71132596833,11
2022-04-15 16:52:45,1015.20411,"",11,1010.7384375,55.9435303780126,32.7,-82.5,1014.25027128083,11
2022-04-15 17:22:45,1014.518,"",11,1010.7384375,61.8257524996016,32.7,-82.5,1014.25027128083,11
2022-04-15 17:52:45,1014.33114,"",11,1010.1869140625,58.5552176425463,32.7,-82.5,1013.69874784333,11
2022-04-15 18:22:45,1014.10852,"",11,1010.1869140625,60.4716498978632,32.7,-82.5,1013.69874784333,11
2022-04-15 18:52:45,1013.65254,"",11,1009.4994921875,58.4290821494514,32.7,-82.5,1013.01132596833,11
2022-04-15 19:22:45,1013.10147,"",11,1009.4994921875,63.1802234514466,32.7,-82.5,1013.01132596833,11
2022-04-15 19:52:45,1012.719,"",11,1008.807578125,60.4510457310822,32.7,-82.5,1012.31941190583,11
2022-04-15 20:22:45,1012.54528,"",11,1008.807578125,61.9515683441007,32.7,-82.5,1012.31941190583,11
2022-04-15 20:52:45,1010.96058,"",11,1008.10265625,69.5366751993991,32.7,-82.5,1011.61449003083,11
2022-04-15 21:22:45,1012.08784,"",11,1008.10265625,59.789936172028,32.7,-82.5,1011.61449003083,11
2022-04-15 21:52:45,1011.6984,"",11,1007.9092578125,61.5282094100137,32.7,-82.5,1011.42109159333,11
2022-04-15 22:22:45,1011.40767,"",11,1007.9092578125,64.0381689839807,32.7,-82.5,1011.42109159333,11
2022-04-15 22:52:45,1011.59994,"",11,1007.65546875,60.3266578954532,32.7,-82.5,1011.16730253083,11
2022-04-15 23:22:45,1011.62967,"",11,1007.65546875,60.071102366141,32.7,-82.5,1011.16730253083,11
2022-04-15 23:52:45,1011.8117,"",11,1008.31,64.3859767162681,32.7,-82.5,1011.82183378083,11
2022-04-16 00:22:45,1011.55414,"",11,1008.31,66.582418763182,32.7,-82.5,1011.82183378083,11
2022-04-16 00:52:45,1012.03449,"",11,1008.7796875,66.6768502560415,32.7,-82.5,1012.29152128083,11
2022-04-16 01:22:45,1012.57285,"",11,1008.7796875,62.1169442286415,32.7,-82.5,1012.29152128083,11
2022-04-16 01:52:45,1012.73493,"",11,1009.428828125,66.3994883148753,32.7,-82.5,1012.94066190583,11
2022-04-16 02:22:45,1013.07903,"",11,1009.428828125,63.5011942433335,32.7,-82.5,1012.94066190583,11
2022-04-16 02:52:45,1013.06744,"",11,1009.824609375,67.0547546174157,32.7,-82.5,1013.33644315583,11
2022-04-16 03:22:45,1013.10099,"",11,1009.824609375,66.7733825163906,32.7,-82.5,1013.33644315583,11
2022-04-16 03:52:45,1012.52672,"",11,1009.376875,67.9109633819794,32.7,-82.5,1012.88870878083,11
2022-04-16 04:22:45,1012.41648,"",11,1009.376875,68.8329607780423,32.7,-82.5,1012.88870878083,11
2022-04-16 04:52:45,1012.31819,"",11,1008.9265234375,65.9492902806956,32.7,-82.5,1012.43835721833,11
2022-04-16 05:22:45,1012.08198,"",11,1008.9265234375,67.9203499319036,32.7,-82.5,1012.43835721833,11
2022-04-16 05:52:45,1011.33495,"",11,1008.17203125,67.8834229455058,32.7,-82.5,1011.68386503083,11
2022-04-16 06:22:45,1010.5023,"",11,1008.17203125,74.8277489261258,32.7,-82.5,1011.68386503083,11
2022-04-16 06:52:45,1009.95512,"",11,1007.634375,74.9105460240856,32.7,-82.5,1011.14620878083,11
2022-04-16 07:22:45,1010.29734,"",11,1007.634375,72.0563324614974,32.7,-82.5,1011.14620878083,11
2022-04-16 07:52:45,1009.86801,"",11,1006.6032421875,67.0521276355355,32.7,-82.5,1010.11507596833,11
2022-04-16 08:22:45,1009.50643,"",11,1006.6032421875,70.0649251111621,32.7,-82.5,1010.11507596833,11
2022-04-16 08:52:45,1009.17308,"",11,1005.692578125,65.2172592862427,32.7,-82.5,1009.20441190583,11
2022-04-16 09:22:45,1008.96826,"",11,1005.692578125,66.9256958838937,32.7,-82.5,1009.20441190583,11
2022-04-16 09:52:45,1009.27421,"",11,1004.9194921875,57.8386915367341,32.7,-82.5,1008.43132596833,11
2022-04-16 10:22:45,1009.49162,"",11,1004.9194921875,56.0223477215206,32.7,-82.5,1008.43132596833,11
2022-04-16 10:52:45,1009.76508,"",11,1006.5355078125,67.1919577787434,32.7,-82.5,1010.04734159333,11
2022-04-16 11:22:45,1011.68802,"",11,1006.5355078125,51.0924874339236,32.7,-82.5,1010.04734159333,11
2022-04-16 11:52:45,1012.1344,"",11,1007.946953125,59.2701611801813,32.7,-82.5,1011.45878690583,11
2022-04-16 12:22:45,1012.33898,"",11,1007.946953125,57.5624060859049,32.7,-82.5,1011.45878690583,11
2022-04-16 12:52:45,1012.70987,"",11,1007.8987109375,53.8380768968353,32.7,-82.5,1011.41054471833,11
2022-04-16 13:22:45,1011.3654,"",11,1007.8987109375,65.1257420787095,32.7,-82.5,1011.41054471833,11
2022-04-16 13:52:45,1012.94973,"",11,1008.103671875,53.3893068378126,32.7,-82.5,1011.61550565583,11
2022-04-16 14:22:45,1013.45397,"",11,1008.103671875,49.1429518266203,32.7,-82.5,1011.61550565583,11
2022-04-16 14:52:45,1012.93056,"",11,1007.8812109375,51.4799399931391,32.7,-82.5,1011.39304471833,11
2022-04-16 15:22:45,1011.84435,"",11,1007.8812109375,60.6739157695933,32.7,-82.5,1011.39304471833,11
2022-04-16 15:52:45,1012.35697,"",11,1007.64296875,53.953331923955,32.7,-82.5,1011.15480253083,11
2022-04-16 16:22:45,1012.33178,"",11,1007.64296875,54.1684561939343,32.7,-82.5,1011.15480253083,11
2022-04-16 16:52:45,1011.70771,"",11,1007.3696875,57.0220556901087,32.7,-82.5,1010.88152128083,11
2022-04-16 17:22:45,1011.05352,"",11,1007.3696875,62.6334414259662,32.7,-82.5,1010.88152128083,11
2022-04-16 17:52:45,1010.74642,"",11,1006.3914453125,56.6835042739797,32.7,-82.5,1009.90327909333,11
2022-04-16 18:22:45,1010.73358,"",11,1006.3914453125,56.7941793916725,32.7,-82.5,1009.90327909333,11
2022-04-16 18:52:45,1010.32295,"",11,1006.4,60.7903455617689,32.7,-82.5,1009.91183378083,11
2022-04-16 19:22:45,1010.06287,"",11,1006.4,63.0078067984041,32.7,-82.5,1009.91183378083,11
2022-04-16 19:52:45,1009.83929,"",11,1005.5611328125,57.5681619603687,32.7,-82.5,1009.07296659333,11
2022-04-16 20:22:45,1009.51151,"",11,1005.5611328125,60.3769863616393,32.7,-82.5,1009.07296659333,11
2022-04-16 20:52:45,1009.18742,"",11,1004.8541796875,57.0067046170967,32.7,-82.5,1008.36601346833,11
2022-04-16 21:22:45,1009.35788,"",11,1004.8541796875,55.5428359197541,32.7,-82.5,1008.36601346833,11
2022-04-16 21:52:45,1009.18152,"",11,1005.2194140625,60.1986882593588,32.7,-82.5,1008.73124784333,11
2022-04-16 22:22:45,1009.11105,"",11,1005.2194140625,60.8040340288893,32.7,-82.5,1008.73124784333,11
2022-04-16 22:52:45,1009.07505,"",11,1005.168515625,60.7356344067553,32.7,-82.5,1008.68034940583,11
2022-04-16 23:22:45,1009.1247,"",11,1005.168515625,60.3098925704888,32.7,-82.5,1008.68034940583,11
2022-04-16 23:52:45,1009.24946,"",11,1005.204375,59.6400676272489,32.7,-82.5,1008.71620878083,11
2022-04-17 00:22:45,1008.14578,"",11,1005.204375,69.0821066277193,32.7,-82.5,1008.71620878083,11
2022-04-17 00:52:45,1008.43607,"",11,1004.9914453125,64.9007940929715,32.7,-82.5,1008.50327909333,11
2022-04-17 01:22:45,1008.90524,"",11,1004.9914453125,60.904592188947,32.7,-82.5,1008.50327909333,11
2022-04-17 01:52:45,1009.17551,"",11,1005.5146484375,63.1523911294379,32.7,-82.5,1009.02648221833,11
2022-04-17 02:22:45,1009.45598,"",11,1005.5146484375,60.7708518036639,32.7,-82.5,1009.02648221833,11
2022-04-17 02:52:45,1009.40277,"",11,1005.87875,64.3857914151422,32.7,-82.5,1009.39058378083,11
2022-04-17 03:22:45,1008.80321,"",11,1005.87875,69.4670534647317,32.7,-82.5,1009.39058378083,11
2022-04-17 03:52:45,1008.5771,"",11,1005.5239453125,68.4002214014122,32.7,-82.5,1009.03577909333,11
2022-04-17 04:22:45,1008.63724,"",11,1005.5239453125,67.8909516782308,32.7,-82.5,1009.03577909333,11
2022-04-17 04:52:45,1008.91396,"",11,1005.1664453125,62.5076100967069,32.7,-82.5,1008.67827909333,11
2022-04-17 05:22:45,1008.79781,"",11,1005.1664453125,63.491137526349,32.7,-82.5,1008.67827909333,11
2022-04-17 05:52:45,1008.69749,"",11,1004.601484375,59.546968205673,32.7,-82.5,1008.11331815583,11
2022-04-17 06:22:45,1008.41822,"",11,1004.601484375,61.9119427049633,32.7,-82.5,1008.11331815583,11
2022-04-17 06:52:45,1008.11753,"",11,1004.6649609375,65.0626650748765,32.7,-82.5,1008.17679471833,11
2022-04-17 07:22:45,1007.84142,"",11,1004.6649609375,67.396812835454,32.7,-82.5,1008.17679471833,11
2022-04-17 07:52:45,1007.75634,"",11,1004.349375,65.4899965463151,32.7,-82.5,1007.86120878083,11
2022-04-17 08:22:45,1007.80551,"",11,1004.349375,65.0749710437537,32.7,-82.5,1007.86120878083,11
2022-04-17 08:52:45,1007.74619,"",11,1004.4164453125,66.2096850770394,32.7,-82.5,1007.92827909333,11
2022-04-17 09:22:45,1007.68949,"",11,1004.4164453125,66.6871644241692,32.7,-82.5,1007.92827909333,11
2022-04-17 09:52:45,1007.70681,"",11,1004.4984765625,67.2809478776952,32.7,-82.5,1008.01031034333,11
2022-04-17 10:22:45,1007.69265,"",11,1004.4984765625,67.3999858433671,32.7,-82.5,1008.01031034333,11
2022-04-17 10:52:45,1008.83094,"",11,1005.088671875,62.8536979412964,32.7,-82.5,1008.60050565583,11
2022-04-17 11:22:45,1009.00373,"",11,1005.088671875,61.4046283119174,32.7,-82.5,1008.60050565583,11
2022-04-17 11:52:45,1009.23963,"",11,1005.59421875,63.5486335558207,32.7,-82.5,1009.10605253083,11
2022-04-17 12:22:45,1009.32508,"",11,1005.59421875,62.8291940922191,32.7,-82.5,1009.10605253083,11
2022-04-17 12:52:45,1009.15095,"",11,1005.7779296875,65.4922221229815,32.7,-82.5,1009.28976346833,11
2022-04-17 13:22:45,1009.46994,"",11,1005.7779296875,62.7731135185164,32.7,-82.5,1009.28976346833,11
2022-04-17 13:52:45,1009.6742,"",11,1005.650390625,59.6780107170811,32.7,-82.5,1009.16222440583,11
2022-04-17 14:22:45,1009.47367,"",11,1005.650390625,61.4001287823092,32.7,-82.5,1009.16222440583,11
2022-04-17 14:52:45,1009.65352,"",11,1005.685625,59.9714198644883,32.7,-82.5,1009.19745878083,11
2022-04-17 15:22:45,1009.69238,"",11,1005.685625,59.6358877648375,32.7,-82.5,1009.19745878083,11
2022-04-17 15:52:45,1009.37115,"",11,1005.5282421875,60.876086120438,32.7,-82.5,1009.04007596833,11
2022-04-17 16:22:45,1009.04429,"",11,1005.5282421875,63.7138457202941,32.7,-82.5,1009.04007596833,11
2022-04-17 16:52:45,1008.62717,"",11,1004.937734375,62.091856697086,32.7,-82.5,1008.44956815583,11
2022-04-17 17:22:45,1007.60518,"",11,1004.937734375,71.0004697546075,32.7,-82.5,1008.44956815583,11
2022-04-17 17:52:45,1008.15307,"",11,1004.1149609375,58.9438972241202,32.7,-82.5,1007.62679471833,11
2022-04-17 18:22:45,1007.27991,"",11,1004.1149609375,66.5763897323081,32.7,-82.5,1007.62679471833,11
2022-04-17 18:52:45,1007.68319,"",11,1003.3601171875,56.478768982267,32.7,-82.5,1006.87195096833,11
2022-04-17 19:22:45,1007.49442,"",11,1003.3601171875,58.1269433462072,32.7,-82.5,1006.87195096833,11
2022-04-17 19:52:45,1007.46842,"",11,1002.5151953125,50.9485220347956,32.7,-82.5,1006.02702909333,11
2022-04-17 20:22:45,1007.28459,"",11,1002.5151953125,52.5538623029019,32.7,-82.5,1006.02702909333,11
2022-04-17 20:52:45,1007.12674,"",11,1002.553203125,54.4200286170875,32.7,-82.5,1006.06503690583,11
2022-04-17 21:22:45,1007.03284,"",11,1002.553203125,55.2370665545105,32.7,-82.5,1006.06503690583,11
2022-04-17 21:52:45,1007.12224,"",11,1002.4922265625,54.1936298431883,32.7,-82.5,1006.00406034333,11
2022-04-17 22:22:45,1006.48349,"",11,1002.4922265625,59.7159560055988,32.7,-82.5,1006.00406034333,11
2022-04-17 22:52:45,1006.29262,"",11,1002.7087890625,63.3232096369075,32.7,-82.5,1006.22062284333,11
2022-04-17 23:22:45,1005.82745,"",11,1002.7087890625,67.3371540523629,32.7,-82.5,1006.22062284333,11
2022-04-17 23:52:45,1005.62583,"",11,1003.075703125,72.3358250363327,32.7,-82.5,1006.58753690583,11
2022-04-18 00:22:45,1005.19641,"",11,1003.075703125,76.0290469615206,32.7,-82.5,1006.58753690583,11
2022-04-18 00:52:45,1005.69071,"",11,1003.293125,73.748669211604,32.7,-82.5,1006.80495878083,11
2022-04-18 01:22:45,1006.21622,"",11,1003.293125,69.25233115622,32.7,-82.5,1006.80495878083,11
2022-04-18 01:52:45,1006.01003,"",11,1003.551328125,73.3035456600108,32.7,-82.5,1007.06316190583,11
2022-04-18 02:22:45,1006.13613,"",11,1003.551328125,72.2284865946583,32.7,-82.5,1007.06316190583,11
2022-04-18 02:52:45,1005.51717,"",11,1003.8653515625,80.2149696234008,32.7,-82.5,1007.37718534333,11
2022-04-18 03:22:45,1006.09557,"",11,1003.8653515625,75.2919668557129,32.7,-82.5,1007.37718534333,11
2022-04-18 03:52:45,1006.42176,"",11,1003.424609375,68.7626284307961,32.7,-82.5,1006.93644315583,11
2022-04-18 04:22:45,1005.71259,"",11,1003.424609375,74.7964872120747,32.7,-82.5,1006.93644315583,11
2022-04-18 04:52:45,1005.61836,"",11,1003.00015625,71.9757536147002,32.7,-82.5,1006.51199003083,11
2022-04-18 05:22:45,1005.75505,"",11,1003.00015625,70.81223485727,32.7,-82.5,1006.51199003083,11
2022-04-18 05:52:45,1005.85525,"",11,1002.479453125,65.5107979112918,32.7,-82.5,1005.99128690583,11
2022-04-18 06:22:45,1005.74003,"",11,1002.479453125,66.4916715104061,32.7,-82.5,1005.99128690583,11
2022-04-18 06:52:45,1004.99686,"",11,1001.621796875,65.5457349120307,32.7,-82.5,1005.13363065583,11
2022-04-18 07:22:45,1004.40827,"",11,1001.621796875,70.5523862489261,32.7,-82.5,1005.13363065583,11
2022-04-18 07:52:45,1004.28397,"",11,1001.1516796875,67.6304552212538,32.7,-82.5,1004.66351346833,11
2022-04-18 08:22:45,1004.3971,"",11,1001.1516796875,66.6689549413267,32.7,-82.5,1004.66351346833,11
2022-04-18 08:52:45,1004.50909,"",11,1000.9930859375,64.3893960249619,32.7,-82.5,1004.50491971833,11
2022-04-18 09:22:45,1004.55953,"",11,1000.9930859375,63.9611081566855,32.7,-82.5,1004.50491971833,11
2022-04-18 09:52:45,1004.39044,"",11,1000.8762890625,64.4171461061898,32.7,-82.5,1004.38812284333,11
2022-04-18 10:22:45,1004.17912,"",11,1000.8762890625,66.2109420810355,32.7,-82.5,1004.38812284333,11
2022-04-18 10:52:45,1002.57379,"",11,1001.286484375,83.3416878723775,32.7,-82.5,1004.79831815583,11
2022-04-18 11:22:45,1006.317,"",11,1001.286484375,51.5798173242342,32.7,-82.5,1004.79831815583,11
2022-04-18 11:52:45,1006.08507,"",11,1002.133984375,60.7384722026593,32.7,-82.5,1005.64581815583,11
2022-04-18 12:22:45,1005.57916,"",11,1002.133984375,65.028163705922,32.7,-82.5,1005.64581815583,11
2022-04-18 12:52:45,1005.32123,"",11,1002.4179296875,69.6150604145746,32.7,-82.5,1005.92976346833,11
2022-04-18 13:22:45,1005.94402,"",11,1002.4179296875,64.330191043435,32.7,-82.5,1005.92976346833,11
2022-04-18 13:52:45,1006.1252,"",11,1002.41140625,62.7100448472039,32.7,-82.5,1005.92324003083,11
2022-04-18 14:22:45,1006.22978,"",11,1002.41140625,61.8222109421557,32.7,-82.5,1005.92324003083,11
2022-04-18 14:52:45,1006.69382,"",11,1002.505,58.6410334574792,32.7,-82.5,1006.01683378083,11
2022-04-18 15:22:45,1006.66643,"",11,1002.505,58.8737255748408,32.7,-82.5,1006.01683378083,11
2022-04-18 15:52:45,1006.22053,"",11,1002.1485546875,59.5759512464841,32.7,-82.5,1005.66038846833,11
2022-04-18 16:22:45,1006.56771,"",11,1002.1485546875,56.621730725635,32.7,-82.5,1005.66038846833,11
2022-04-18 16:52:45,1006.10684,"",11,1001.8074609375,57.3013166965282,32.7,-82.5,1005.31929471833,11
2022-04-18 17:22:45,1005.92015,"",11,1001.8074609375,58.9046653557865,32.7,-82.5,1005.31929471833,11
2022-04-18 17:52:45,1005.99816,"",11,1001.32609375,53.8901283094953,32.7,-82.5,1004.83792753083,11
2022-04-18 18:22:45,1006.31087,"",11,1001.32609375,51.1917249667791,32.7,-82.5,1004.83792753083,11
2022-04-18 18:52:45,1006.33189,"",11,1001.8476171875,55.5007458240464,32.7,-82.5,1005.35945096833,11
2022-04-18 19:22:45,1006.07771,"",11,1001.8476171875,57.6954994580293,32.7,-82.5,1005.35945096833,11
2022-04-18 19:52:45,1005.57438,"",11,1001.3703515625,57.924270241341,32.7,-82.5,1004.88218534333,11
2022-04-18 20:22:45,1005.43775,"",11,1001.3703515625,59.1041112471532,32.7,-82.5,1004.88218534333,11
2022-04-18 20:52:45,1005.17811,"",11,1001.3394921875,61.1007440115882,32.7,-82.5,1004.85132596833,11
2022-04-18 21:22:45,1005.63823,"",11,1001.3394921875,57.1297387894936,32.7,-82.5,1004.85132596833,11
2022-04-18 21:52:45,1005.76963,"",11,1001.5965625,58.3173532058136,32.7,-82.5,1005.10839628083,11
2022-04-18 22:22:45,1006.15935,"",11,1001.5965625,54.9643529086995,32.7,-82.5,1005.10839628083,11
2022-04-18 22:52:45,1005.90419,"",11,1002.2283203125,62.7354982250696,32.7,-82.5,1005.74015409333,11
2022-04-18 23:22:45,1006.32101,"",11,1002.2283203125,59.1636661772986,32.7,-82.5,1005.74015409333,11
2022-04-18 23:52:45,1006.4287,"",11,1003.1209765625,66.0288971359511,32.7,-82.5,1006.63281034333,11
2022-04-19 00:22:45,1006.76093,"",11,1003.1209765625,63.1948000394978,32.7,-82.5,1006.63281034333,11
2022-04-19 00:52:45,1007.66554,"",11,1004.0804296875,63.784264721346,32.7,-82.5,1007.59226346833,11
2022-04-19 01:22:45,1008.25445,"",11,1004.0804296875,58.782136445563,32.7,-82.5,1007.59226346833,11
2022-04-19 01:52:45,1008.62085,"",11,1005.3913671875,66.9431326860602,32.7,-82.5,1008.90320096833,11
2022-04-19 02:22:45,1009.23343,"",11,1005.3913671875,61.7644654471088,32.7,-82.5,1008.90320096833,11
2022-04-19 02:52:45,1009.48367,"",11,1006.3155078125,67.5894038681473,32.7,-82.5,1009.82734159333,11
2022-04-19 03:22:45,1009.88314,"",11,1006.3155078125,64.2279627407592,32.7,-82.5,1009.82734159333,11
2022-04-19 03:52:45,1010.09386,"",11,1006.7538671875,66.2990221299539,32.7,-82.5,1010.26570096833,11
2022-04-19 04:22:45,1010.45883,"",11,1006.7538671875,63.2452530312455,32.7,-82.5,1010.26570096833,11
2022-04-19 04:52:45,1010.77111,"",11,1007.2145703125,64.6061560672051,32.7,-82.5,1010.72640409333,11
2022-04-19 05:22:45,1010.81092,"",11,1007.2145703125,64.2744044190655,32.7,-82.5,1010.72640409333,11
2022-04-19 05:52:45,1010.78002,"",11,1007.5483203125,67.4238597489971,32.7,-82.5,1011.06015409333,11
2022-04-19 06:22:45,1010.74264,"",11,1007.5483203125,67.7341780404782,32.7,-82.5,1011.06015409333,11
2022-04-19 06:52:45,1010.59995,"",11,1007.529921875,68.9165781804411,32.7,-82.5,1011.04175565583,11
2022-04-19 07:22:45,1010.95919,"",11,1007.529921875,65.9519424285744,32.7,-82.5,1011.04175565583,11
2022-04-19 07:52:45,1011.22088,"",11,1007.9302734375,67.1812556106863,32.7,-82.5,1011.44210721833,11
2022-04-19 08:22:45,1011.56006,"",11,1007.9302734375,64.3913955053302,32.7,-82.5,1011.44210721833,11
2022-04-19 08:52:45,1011.98142,"",11,1008.6683203125,67.0834218769198,32.7,-82.5,1012.18015409333,11
2022-04-19 09:22:45,1012.21194,"",11,1008.6683203125,65.1933322993572,32.7,-82.5,1012.18015409333,11
2022-04-19 09:52:45,1012.45921,"",11,1009.25125,68.0209198592536,32.7,-82.5,1012.76308378083,11
2022-04-19 10:22:45,1012.83117,"",11,1009.25125,64.9797631308065,32.7,-82.5,1012.76308378083,11
2022-04-19 10:52:45,1013.99704,"",11,1010.350703125,64.5301123939761,32.7,-82.5,1013.86253690583,11
2022-04-19 11:22:45,1014.90771,"",11,1010.350703125,57.1118959776655,32.7,-82.5,1013.86253690583,11
2022-04-19 11:52:45,1015.23559,"",11,1011.240703125,61.6968957589096,32.7,-82.5,1014.75253690583,11
2022-04-19 12:22:45,1015.71456,"",11,1011.240703125,57.7964649648129,32.7,-82.5,1014.75253690583,11
2022-04-19 12:52:45,1015.92555,"",11,1011.9697265625,61.8967658961315,32.7,-82.5,1015.48156034333,11
2022-04-19 13:22:45,1015.91176,"",11,1011.9697265625,62.0095004437602,32.7,-82.5,1015.48156034333,11
2022-04-19 13:52:45,1016.04421,"",11,1012.18671875,62.5642204678653,32.7,-82.5,1015.69855253083,11
2022-04-19 14:22:45,1016.19438,"",11,1012.18671875,61.3312468310689,32.7,-82.5,1015.69855253083,11
2022-04-19 14:52:45,1016.323,"",11,1012.2234375,60.4236701513447,32.7,-82.5,1015.73527128083,11
2022-04-19 15:22:45,1016.22955,"",11,1012.2234375,61.1943538578583,32.7,-82.5,1015.73527128083,11
2022-04-19 15:52:45,1015.9411,"",11,1011.906484375,60.7939865433272,32.7,-82.5,1015.41831815583,11
2022-04-19 16:22:45,1015.90957,"",11,1011.906484375,61.0553115907435,32.7,-82.5,1015.41831815583,11
2022-04-19 16:52:45,1015.83138,"",11,1011.69734375,59.7968960720245,32.7,-82.5,1015.20917753083,11
2022-04-19 17:22:45,1015.29167,"",11,1011.69734375,64.2932073444352,32.7,-82.5,1015.20917753083,11
2022-04-19 17:52:45,1014.99495,"",11,1011.0365625,61.1032832758372,32.7,-82.5,1014.54839628083,11
2022-04-19 18:22:45,1014.45923,"",11,1011.0365625,65.5881500065733,32.7,-82.5,1014.54839628083,11
2022-04-19 18:52:45,1014.38696,"",11,1010.5862890625,62.2913604613651,32.7,-82.5,1014.09812284333,11
2022-04-19 19:22:45,1014.25209,"",11,1010.5862890625,63.4250871482981,32.7,-82.5,1014.09812284333,11
2022-04-19 19:52:45,1014.11312,"",11,1010.239453125,61.5960439664127,32.7,-82.5,1013.75128690583,11
2022-04-19 20:22:45,1013.95839,"",11,1010.239453125,62.8999099767887,32.7,-82.5,1013.75128690583,11
2022-04-19 20:52:45,1013.77219,"",11,1009.953125,62.0271189586542,32.7,-82.5,1013.46495878083,11
2022-04-19 21:22:45,1013.80575,"",11,1009.953125,61.7440727391338,32.7,-82.5,1013.46495878083,11
2022-04-19 21:52:45,1014.01452,"",11,1010.32703125,63.1763510637156,32.7,-82.5,1013.83886503083,11
2022-04-19 22:22:45,1013.90715,"",11,1010.32703125,64.0809133062974,32.7,-82.5,1013.83886503083,11
2022-04-19 22:52:45,1013.82738,"",11,1010.257421875,64.2539228785029,32.7,-82.5,1013.76925565583,11
2022-04-19 23:22:45,1014.2072,"",11,1010.257421875,61.0636526122586,32.7,-82.5,1013.76925565583,11
2022-04-19 23:52:45,1014.28754,"",11,1010.962109375,66.5026486885713,32.7,-82.5,1014.47394315583,11
2022-04-20 00:22:45,1013.97181,"",11,1010.962109375,69.137429267647,32.7,-82.5,1014.47394315583,11
2022-04-20 00:52:45,1014.44449,"",11,1011.39390625,68.9648281563812,32.7,-82.5,1014.90574003083,11
2022-04-20 01:22:45,1014.64571,"",11,1011.39390625,67.2967227534037,32.7,-82.5,1014.90574003083,11
2022-04-20 01:52:45,1015.02474,"",11,1011.986953125,69.236218236539,32.7,-82.5,1015.49878690583,11
2022-04-20 02:22:45,1015.31283,"",11,1011.986953125,66.8636757661481,32.7,-82.5,1015.49878690583,11
2022-04-20 02:52:45,1015.61729,"",11,1012.41546875,68.0023995893456,32.7,-82.5,1015.92730253083,11
2022-04-20 03:22:45,1015.71774,"",11,1012.41546875,67.1788675846999,32.7,-82.5,1015.92730253083,11
2022-04-20 03:52:45,1015.86141,"",11,1012.5356640625,66.9873900896089,32.7,-82.5,1016.04749784333,11
2022-04-20 04:22:45,1016.03862,"",11,1012.5356640625,65.5347860769301,32.7,-82.5,1016.04749784333,11
2022-04-20 04:52:45,1016.19206,"",11,1012.967734375,67.9180794445428,32.7,-82.5,1016.47956815583,11
2022-04-20 05:22:45,1016.31379,"",11,1012.967734375,66.9238878982228,32.7,-82.5,1016.47956815583,11
2022-04-20 05:52:45,1016.2705,"",11,1013.35234375,70.5505121640519,32.7,-82.5,1016.86417753083,11
2022-04-20 06:22:45,1016.70143,"",11,1013.35234375,67.0499874657623,32.7,-82.5,1016.86417753083,11
2022-04-20 06:52:45,1016.87173,"",11,1013.5269921875,67.1869289105659,32.7,-82.5,1017.03882596833,11
2022-04-20 07:22:45,1017.30943,"",11,1013.5269921875,63.6459054120791,32.7,-82.5,1017.03882596833,11
2022-04-20 07:52:45,1017.54018,"",11,1014.118828125,66.6543573179853,32.7,-82.5,1017.63066190583,11
2022-04-20 08:22:45,1017.75681,"",11,1014.118828125,64.9072782387591,32.7,-82.5,1017.63066190583,11
2022-04-20 08:52:45,1017.79975,"",11,1014.418984375,67.0256108903388,32.7,-82.5,1017.93081815583,11
2022-04-20 09:22:45,1018.28242,"",11,1014.418984375,63.1395130124616,32.7,-82.5,1017.93081815583,11
2022-04-20 09:52:45,1018.44131,"",11,1015.1123046875,67.471909391387,32.7,-82.5,1018.62413846833,11
2022-04-20 10:22:45,1018.82596,"",11,1015.1123046875,64.3781445106935,32.7,-82.5,1018.62413846833,11
2022-04-20 10:52:45,1019.75823,"",11,1015.6266015625,61.034243855878,32.7,-82.5,1019.13843534333,11
2022-04-20 11:22:45,1020.10168,"",11,1015.6266015625,58.2749618792263,32.7,-82.5,1019.13843534333,11
2022-04-20 11:52:45,1020.51618,"",11,1016.5196484375,61.9418413944066,32.7,-82.5,1020.03148221833,11
2022-04-20 12:22:45,1020.56716,"",11,1016.5196484375,61.5299086422282,32.7,-82.5,1020.03148221833,11
2022-04-20 12:52:45,1020.87709,"",11,1016.7776953125,60.5377926372532,32.7,-82.5,1020.28952909333,11
2022-04-20 13:22:45,1020.31906,"",11,1016.7776953125,65.125432092057,32.7,-82.5,1020.28952909333,11
2022-04-20 13:52:45,1020.83105,"",11,1016.9026171875,61.6346453379189,32.7,-82.5,1020.41445096833,11
2022-04-20 14:22:45,1020.99609,"",11,1016.9026171875,60.265097545197,32.7,-82.5,1020.41445096833,11
2022-04-20 14:52:45,1021.13208,"",11,1016.8090234375,58.1357140569537,32.7,-82.5,1020.32085721833,11
2022-04-20 15:22:45,1021.07695,"",11,1016.8090234375,58.5959533326062,32.7,-82.5,1020.32085721833,11
2022-04-20 15:52:45,1021.18187,"",11,1016.762265625,57.1625671813739,32.7,-82.5,1020.27409940583,11
2022-04-20 16:22:45,1021.2745,"",11,1016.762265625,56.3858750817715,32.7,-82.5,1020.27409940583,11
2022-04-20 16:52:45,1020.95349,"",11,1016.525234375,56.9327688692022,32.7,-82.5,1020.03706815583,11
2022-04-20 17:22:45,1020.54313,"",11,1016.525234375,60.3888020600595,32.7,-82.5,1020.03706815583,11
2022-04-20 17:52:45,1020.33279,"",11,1016.0306640625,57.8532060828042,32.7,-82.5,1019.54249784333,11
2022-04-20 18:22:45,1019.90672,"",11,1016.0306640625,61.4559390311657,32.7,-82.5,1019.54249784333,11
2022-04-20 18:52:45,1019.73208,"",11,1016.0237890625,62.8049458026226,32.7,-82.5,1019.53562284333,11
2022-04-20 19:22:45,1019.36209,"",11,1016.0237890625,65.9418523772801,32.7,-82.5,1019.53562284333,11
2022-04-20 19:52:45,1019.1632,"",11,1015.1047265625,59.7533707229479,32.7,-82.5,1018.61656034333,11
2022-04-20 20:22:45,1018.69523,"",11,1015.1047265625,63.7296414735377,32.7,-82.5,1018.61656034333,11
2022-04-20 20:52:45,1018.26766,"",11,1014.73640625,64.2206658035881,32.7,-82.5,1018.24824003083,11
2022-04-20 21:22:45,1018.38724,"",11,1014.73640625,63.2040012838819,32.7,-82.5,1018.24824003083,11
2022-04-20 21:52:45,1018.67689,"",11,1014.6938671875,60.4570811684269,32.7,-82.5,1018.20570096833,11
2022-04-20 22:22:45,1018.60479,"",11,1014.6938671875,61.0685104728311,32.7,-82.5,1018.20570096833,11
2022-04-20 22:52:45,1018.30718,"",11,1014.9787109375,66.1508868013432,32.7,-82.5,1018.49054471833,11
2022-04-20 23:22:45,1018.1313,"",11,1014.9787109375,67.6357610372264,32.7,-82.5,1018.49054471833,11
2022-04-20 23:52:45,1018.22516,"",11,1015.70796875,73.1654295328691,32.7,-82.5,1019.21980253083,11
2022-04-21 00:22:45,1017.82685,"",11,1015.70796875,76.504789361227,32.7,-82.5,1019.21980253083,11
2022-04-21 00:52:45,1014.82262,"discard",11,1016.212890625,105.903882642049,32.7,-82.5,1019.72472440583,11
